-- HR Course database converted from PostgreSQL dump
-- Source: backup.dump (PostgreSQL 18)
-- Auto-generated — rerun pg_to_sqlite.py to regenerate

PRAGMA foreign_keys = ON;

-- Drop all tables for clean re-creation
DROP TABLE IF EXISTS talent_development;
DROP TABLE IF EXISTS radford_compensation;
DROP TABLE IF EXISTS learning_management;
DROP TABLE IF EXISTS engagement_results;
DROP TABLE IF EXISTS employee_absence;
DROP TABLE IF EXISTS demographics;
DROP TABLE IF EXISTS hris_backup;
DROP TABLE IF EXISTS audit_log;
DROP TABLE IF EXISTS hris;

--
-- PostgreSQL database dump
--
-- Dumped from database version 18.0 (Debian 18.0-1.pgdg13+3)
-- Dumped by pg_dump version 18.0 (Debian 18.0-1.pgdg13+3)
--
--
--
--
CREATE TABLE audit_log (
    event_time TEXT,
    event_type TEXT,
    detail text
);

--
--
CREATE TABLE demographics (
    employee_id integer,
    employee_name text,
    gender text,
    date_of_birth TEXT,
    marital_status text,
    nationality text,
    city text,
    state text,
    country text
);

--
--
CREATE TABLE employee_absence (
    employee_id integer,
    employee_name text,
    gender text,
    city text,
    job_title text,
    department text,
    store_location text,
    business_unit text,
    division text,
    age integer,
    length_of_service integer,
    hours_absent integer
);

--
--
CREATE TABLE engagement_results (
    employee_id integer,
    employee_name text,
    gender text,
    age integer,
    department text,
    job_title text,
    satisfaction_score integer,
    work_life_balance_score integer,
    career_growth_score integer,
    communication_score integer,
    teamwork_score integer
);

--
--
CREATE TABLE hris (
    employee_id integer NOT NULL,
    first_name text,
    last_name text,
    gender text,
    date_of_birth TEXT,
    "position" text,
    department text,
    location text,
    hire_date TEXT,
    termination_date TEXT,
    salary REAL,
    email text,
    manager_id integer
);

--
--
CREATE TABLE hris_backup (
    employee_id integer,
    first_name text,
    last_name text,
    gender text,
    date_of_birth TEXT,
    "position" text,
    department text,
    location text,
    hire_date TEXT,
    termination_date TEXT,
    salary REAL,
    email text
);

--
--
CREATE TABLE learning_management (
    employee_id integer,
    employee_name text,
    course_id text,
    course_name text,
    completion_date TEXT,
    completion_status text
);

--
--
CREATE TABLE radford_compensation (
    employee_id integer,
    first_name text,
    last_name text,
    gender text,
    date_of_birth TEXT,
    job_title text,
    department text,
    location text,
    business_unit text,
    division text,
    base_salary REAL,
    bonus REAL,
    stock_grants REAL
);

--
--
CREATE TABLE talent_development (
    employee_id integer,
    first_name text,
    last_name text,
    gender text,
    date_of_birth TEXT,
    job_title text,
    department text,
    city text,
    hire_date TEXT,
    termination_date TEXT,
    years_of_service integer,
    training_hours integer
);

--
--
INSERT INTO audit_log (event_time, event_type, detail) VALUES ('2025-11-28 21:47:53.875655', 'snapshot_count', '50');
INSERT INTO audit_log (event_time, event_type, detail) VALUES ('2025-11-28 21:47:57.345755', 'snapshot_count', '50');

--
--
INSERT INTO demographics (employee_id, employee_name, gender, date_of_birth, marital_status, nationality, city, state, country) VALUES ('101', 'John Smith', 'Male', '1985-02-15', 'Married', 'United States', 'New York', 'NY', 'USA');
INSERT INTO demographics (employee_id, employee_name, gender, date_of_birth, marital_status, nationality, city, state, country) VALUES ('102', 'Sarah Johnson', 'Female', '1990-07-10', 'Single', 'United States', 'Los Angeles', 'CA', 'USA');
INSERT INTO demographics (employee_id, employee_name, gender, date_of_birth, marital_status, nationality, city, state, country) VALUES ('103', 'Michael Davis', 'Male', '1982-11-25', 'Married', 'Canada', 'Toronto', 'Ontario', 'Canada');
INSERT INTO demographics (employee_id, employee_name, gender, date_of_birth, marital_status, nationality, city, state, country) VALUES ('104', 'Emily Wilson', 'Female', '1987-04-03', 'Single', 'United Kingdom', 'London', 'England', 'UK');
INSERT INTO demographics (employee_id, employee_name, gender, date_of_birth, marital_status, nationality, city, state, country) VALUES ('105', 'Robert Anderson', 'Male', '1979-09-12', 'Divorced', 'Australia', 'Sydney', 'New South Wales', 'Australia');
INSERT INTO demographics (employee_id, employee_name, gender, date_of_birth, marital_status, nationality, city, state, country) VALUES ('106', 'Olivia Thompson', 'Female', '1984-06-18', 'Married', 'United States', 'Chicago', 'IL', 'USA');
INSERT INTO demographics (employee_id, employee_name, gender, date_of_birth, marital_status, nationality, city, state, country) VALUES ('107', 'David Martinez', 'Male', '1992-03-05', 'Single', 'Spain', 'Madrid', 'Madrid', 'Spain');
INSERT INTO demographics (employee_id, employee_name, gender, date_of_birth, marital_status, nationality, city, state, country) VALUES ('108', 'Sophia Lee', 'Female', '1989-08-20', 'Single', 'United States', 'San Francisco', 'CA', 'USA');
INSERT INTO demographics (employee_id, employee_name, gender, date_of_birth, marital_status, nationality, city, state, country) VALUES ('109', 'James Rodriguez', 'Male', '1986-01-10', 'Married', 'Mexico', 'Mexico City', 'Distrito Federal', 'Mexico');
INSERT INTO demographics (employee_id, employee_name, gender, date_of_birth, marital_status, nationality, city, state, country) VALUES ('110', 'Emma Taylor', 'Female', '1993-10-28', 'Single', 'United States', 'Miami', 'FL', 'USA');
INSERT INTO demographics (employee_id, employee_name, gender, date_of_birth, marital_status, nationality, city, state, country) VALUES ('111', 'William Hernandez', 'Male', '1988-05-07', 'Married', 'United States', 'Houston', 'TX', 'USA');
INSERT INTO demographics (employee_id, employee_name, gender, date_of_birth, marital_status, nationality, city, state, country) VALUES ('112', 'Isabella Moore', 'Female', '1991-12-22', 'Single', 'Canada', 'Vancouver', 'British Columbia', 'Canada');
INSERT INTO demographics (employee_id, employee_name, gender, date_of_birth, marital_status, nationality, city, state, country) VALUES ('113', 'Aiden Brown', 'Male', '1983-07-31', 'Married', 'United Kingdom', 'Manchester', 'England', 'UK');
INSERT INTO demographics (employee_id, employee_name, gender, date_of_birth, marital_status, nationality, city, state, country) VALUES ('114', 'Mia Clark', 'Female', '1987-02-13', 'Single', 'Australia', 'Melbourne', 'Victoria', 'Australia');
INSERT INTO demographics (employee_id, employee_name, gender, date_of_birth, marital_status, nationality, city, state, country) VALUES ('115', 'Liam Lewis', 'Male', '1975-11-05', 'Divorced', 'United States', 'Seattle', 'WA', 'USA');
INSERT INTO demographics (employee_id, employee_name, gender, date_of_birth, marital_status, nationality, city, state, country) VALUES ('116', 'Sofia Green', 'Female', '1988-04-08', 'Married', 'Germany', 'Berlin', 'Berlin', 'Germany');
INSERT INTO demographics (employee_id, employee_name, gender, date_of_birth, marital_status, nationality, city, state, country) VALUES ('117', 'Noah Baker', 'Male', '1995-09-19', 'Single', 'United States', 'Boston', 'MA', 'USA');
INSERT INTO demographics (employee_id, employee_name, gender, date_of_birth, marital_status, nationality, city, state, country) VALUES ('118', 'Ava Gonzalez', 'Female', '1992-06-16', 'Single', 'United States', 'Atlanta', 'GA', 'USA');
INSERT INTO demographics (employee_id, employee_name, gender, date_of_birth, marital_status, nationality, city, state, country) VALUES ('119', 'Lucas Martinez', 'Male', '1989-01-27', 'Married', 'Spain', 'Barcelona', 'Catalonia', 'Spain');
INSERT INTO demographics (employee_id, employee_name, gender, date_of_birth, marital_status, nationality, city, state, country) VALUES ('120', 'Charlotte Hill', 'Female', '1994-08-14', 'Single', 'United Kingdom', 'Birmingham', 'England', 'UK');
INSERT INTO demographics (employee_id, employee_name, gender, date_of_birth, marital_status, nationality, city, state, country) VALUES ('121', 'Harper Collins', 'Female', '1991-03-30', 'Single', 'United States', 'Philadelphia', 'PA', 'USA');
INSERT INTO demographics (employee_id, employee_name, gender, date_of_birth, marital_status, nationality, city, state, country) VALUES ('122', 'Emma Adams', 'Female', '1988-10-23', 'Married', 'Canada', 'Montreal', 'Quebec', 'Canada');
INSERT INTO demographics (employee_id, employee_name, gender, date_of_birth, marital_status, nationality, city, state, country) VALUES ('123', 'Liam Turner', 'Male', '1985-05-16', 'Married', 'United States', 'Dallas', 'TX', 'USA');
INSERT INTO demographics (employee_id, employee_name, gender, date_of_birth, marital_status, nationality, city, state, country) VALUES ('124', 'Olivia Harris', 'Female', '1990-12-09', 'Single', 'Australia', 'Brisbane', 'Queensland', 'Australia');
INSERT INTO demographics (employee_id, employee_name, gender, date_of_birth, marital_status, nationality, city, state, country) VALUES ('125', 'Noah Butler', 'Male', '1978-09-02', 'Divorced', 'United States', 'Denver', 'CO', 'USA');
INSERT INTO demographics (employee_id, employee_name, gender, date_of_birth, marital_status, nationality, city, state, country) VALUES ('126', 'Sophia Bell', 'Female', '1983-04-25', 'Married', 'United States', 'Phoenix', 'AZ', 'USA');
INSERT INTO demographics (employee_id, employee_name, gender, date_of_birth, marital_status, nationality, city, state, country) VALUES ('127', 'Lucas Carter', 'Male', '1991-11-18', 'Single', 'United States', 'Detroit', 'MI', 'USA');
INSERT INTO demographics (employee_id, employee_name, gender, date_of_birth, marital_status, nationality, city, state, country) VALUES ('128', 'Ava Anderson', 'Female', '1988-06-11', 'Single', 'Canada', 'Ottawa', 'Ontario', 'Canada');
INSERT INTO demographics (employee_id, employee_name, gender, date_of_birth, marital_status, nationality, city, state, country) VALUES ('129', 'James Walker', 'Male', '1985-01-14', 'Married', 'United States', 'Austin', 'TX', 'USA');
INSERT INTO demographics (employee_id, employee_name, gender, date_of_birth, marital_status, nationality, city, state, country) VALUES ('130', 'Olivia Richardson', 'Female', '1992-10-17', 'Single', 'United States', 'Pittsburgh', 'PA', 'USA');
INSERT INTO demographics (employee_id, employee_name, gender, date_of_birth, marital_status, nationality, city, state, country) VALUES ('131', 'Benjamin Wright', 'Male', '1987-05-01', 'Married', 'United States', 'Minneapolis', 'MN', 'USA');
INSERT INTO demographics (employee_id, employee_name, gender, date_of_birth, marital_status, nationality, city, state, country) VALUES ('132', 'Sophia Rodriguez', 'Female', '1994-12-24', 'Single', 'Canada', 'Calgary', 'Alberta', 'Canada');
INSERT INTO demographics (employee_id, employee_name, gender, date_of_birth, marital_status, nationality, city, state, country) VALUES ('133', 'Lucas Turner', 'Male', '1989-07-06', 'Married', 'United States', 'Portland', 'OR', 'USA');
INSERT INTO demographics (employee_id, employee_name, gender, date_of_birth, marital_status, nationality, city, state, country) VALUES ('134', 'Emma Davis', 'Female', '1992-02-29', 'Single', 'Australia', 'Perth', 'Western Australia', 'Australia');
INSERT INTO demographics (employee_id, employee_name, gender, date_of_birth, marital_status, nationality, city, state, country) VALUES ('135', 'Noah Hernandez', 'Male', '1983-09-10', 'Married', 'Mexico', 'Guanajuato', 'Guanajuato', 'Mexico');
INSERT INTO demographics (employee_id, employee_name, gender, date_of_birth, marital_status, nationality, city, state, country) VALUES ('136', 'Ava Wilson', 'Female', '1988-04-02', 'Single', 'United States', 'Columbus', 'OH', 'USA');
INSERT INTO demographics (employee_id, employee_name, gender, date_of_birth, marital_status, nationality, city, state, country) VALUES ('137', 'Liam Adams', 'Male', '1995-11-15', 'Single', 'United States', 'Indianapolis', 'IN', 'USA');
INSERT INTO demographics (employee_id, employee_name, gender, date_of_birth, marital_status, nationality, city, state, country) VALUES ('138', 'Emily Moore', 'Female', '1990-06-29', 'Married', 'Canada', 'Edmonton', 'Alberta', 'Canada');
INSERT INTO demographics (employee_id, employee_name, gender, date_of_birth, marital_status, nationality, city, state, country) VALUES ('139', 'William Phillips', 'Male', '1987-01-09', 'Married', 'United States', 'Raleigh', 'NC', 'USA');
INSERT INTO demographics (employee_id, employee_name, gender, date_of_birth, marital_status, nationality, city, state, country) VALUES ('140', 'Sophia Anderson', 'Female', '1994-10-26', 'Single', 'United States', 'Tampa', 'FL', 'USA');
INSERT INTO demographics (employee_id, employee_name, gender, date_of_birth, marital_status, nationality, city, state, country) VALUES ('141', 'Charlotte Thompson', 'Female', '1989-03-11', 'Single', 'United Kingdom', 'Leeds', 'England', 'UK');
INSERT INTO demographics (employee_id, employee_name, gender, date_of_birth, marital_status, nationality, city, state, country) VALUES ('142', 'Aiden Harris', 'Male', '1984-08-24', 'Married', 'United States', 'Orlando', 'FL', 'USA');
INSERT INTO demographics (employee_id, employee_name, gender, date_of_birth, marital_status, nationality, city, state, country) VALUES ('143', 'Liam Turner', 'Male', '1981-05-02', 'Married', 'United States', 'San Diego', 'CA', 'USA');
INSERT INTO demographics (employee_id, employee_name, gender, date_of_birth, marital_status, nationality, city, state, country) VALUES ('144', 'Olivia Adams', 'Female', '1986-10-05', 'Single', 'Australia', 'Adelaide', 'South Australia', 'Australia');
INSERT INTO demographics (employee_id, employee_name, gender, date_of_birth, marital_status, nationality, city, state, country) VALUES ('145', 'Noah Richardson', 'Male', '1979-07-18', 'Divorced', 'United States', 'Nashville', 'TN', 'USA');
INSERT INTO demographics (employee_id, employee_name, gender, date_of_birth, marital_status, nationality, city, state, country) VALUES ('146', 'Sophia Walker', 'Female', '1988-12-01', 'Married', 'Germany', 'Hamburg', 'Hamburg', 'Germany');
INSERT INTO demographics (employee_id, employee_name, gender, date_of_birth, marital_status, nationality, city, state, country) VALUES ('147', 'Lucas Clark', 'Male', '1996-09-14', 'Single', 'United States', 'Louisville', 'KY', 'USA');
INSERT INTO demographics (employee_id, employee_name, gender, date_of_birth, marital_status, nationality, city, state, country) VALUES ('148', 'Emily Hill', 'Female', '1991-06-27', 'Single', 'United States', 'Richmond', 'VA', 'USA');
INSERT INTO demographics (employee_id, employee_name, gender, date_of_birth, marital_status, nationality, city, state, country) VALUES ('149', 'William Baker', 'Male', '1988-01-30', 'Married', 'United States', 'Oklahoma City', 'OK', 'USA');
INSERT INTO demographics (employee_id, employee_name, gender, date_of_birth, marital_status, nationality, city, state, country) VALUES ('150', 'Ava Gonzalez', 'Female', '1985-10-13', 'Single', 'United States', 'San Antonio', 'TX', 'USA');

--
--
INSERT INTO employee_absence (employee_id, employee_name, gender, city, job_title, department, store_location, business_unit, division, age, length_of_service, hours_absent) VALUES ('101', 'John Smith', 'Male', 'New York', 'Accountant', 'Finance', 'Store A', 'Finance Division', 'Accounting', '32', '5', '8');
INSERT INTO employee_absence (employee_id, employee_name, gender, city, job_title, department, store_location, business_unit, division, age, length_of_service, hours_absent) VALUES ('102', 'Sarah Johnson', 'Female', 'Los Angeles', 'Marketing Specialist', 'Marketing', 'Store B', 'Marketing Division', 'Marketing', '28', '3', '16');
INSERT INTO employee_absence (employee_id, employee_name, gender, city, job_title, department, store_location, business_unit, division, age, length_of_service, hours_absent) VALUES ('103', 'Michael Davis', 'Male', 'Chicago', 'Sales Representative', 'Sales', 'Store C', 'Sales Division', 'Sales', '35', '7', '4');
INSERT INTO employee_absence (employee_id, employee_name, gender, city, job_title, department, store_location, business_unit, division, age, length_of_service, hours_absent) VALUES ('104', 'Emily Wilson', 'Female', 'San Francisco', 'Software Engineer', 'Technology', 'Store D', 'Technology Division', 'Engineering', '29', '4', '0');
INSERT INTO employee_absence (employee_id, employee_name, gender, city, job_title, department, store_location, business_unit, division, age, length_of_service, hours_absent) VALUES ('105', 'Robert Anderson', 'Male', 'Houston', 'Human Resources Manager', 'Human Resources', 'Store E', 'HR Division', 'Human Resources', '37', '8', '24');
INSERT INTO employee_absence (employee_id, employee_name, gender, city, job_title, department, store_location, business_unit, division, age, length_of_service, hours_absent) VALUES ('106', 'Olivia Thompson', 'Female', 'Seattle', 'Operations Supervisor', 'Operations', 'Store F', 'Operations Division', 'Operations', '31', '6', '8');
INSERT INTO employee_absence (employee_id, employee_name, gender, city, job_title, department, store_location, business_unit, division, age, length_of_service, hours_absent) VALUES ('107', 'David Martinez', 'Male', 'Miami', 'Customer Service Representative', 'Customer Service', 'Store G', 'Customer Service Division', 'Customer Service', '26', '2', '0');
INSERT INTO employee_absence (employee_id, employee_name, gender, city, job_title, department, store_location, business_unit, division, age, length_of_service, hours_absent) VALUES ('108', 'Sophia Lee', 'Female', 'Boston', 'Product Manager', 'Product Management', 'Store H', 'Product Division', 'Product Management', '33', '5', '0');
INSERT INTO employee_absence (employee_id, employee_name, gender, city, job_title, department, store_location, business_unit, division, age, length_of_service, hours_absent) VALUES ('109', 'James Rodriguez', 'Male', 'Dallas', 'IT Specialist', 'IT', 'Store I', 'IT Division', 'IT', '30', '4', '16');
INSERT INTO employee_absence (employee_id, employee_name, gender, city, job_title, department, store_location, business_unit, division, age, length_of_service, hours_absent) VALUES ('110', 'Emma Taylor', 'Female', 'Atlanta', 'Administrative Assistant', 'Administration', 'Store J', 'Admin Division', 'Administration', '27', '3', '0');
INSERT INTO employee_absence (employee_id, employee_name, gender, city, job_title, department, store_location, business_unit, division, age, length_of_service, hours_absent) VALUES ('111', 'William Hernandez', 'Male', 'New York', 'Accountant', 'Finance', 'Store A', 'Finance Division', 'Accounting', '34', '6', '8');
INSERT INTO employee_absence (employee_id, employee_name, gender, city, job_title, department, store_location, business_unit, division, age, length_of_service, hours_absent) VALUES ('112', 'Isabella Moore', 'Female', 'Los Angeles', 'Marketing Specialist', 'Marketing', 'Store B', 'Marketing Division', 'Marketing', '29', '4', '16');
INSERT INTO employee_absence (employee_id, employee_name, gender, city, job_title, department, store_location, business_unit, division, age, length_of_service, hours_absent) VALUES ('113', 'Aiden Brown', 'Male', 'Chicago', 'Sales Representative', 'Sales', 'Store C', 'Sales Division', 'Sales', '36', '7', '0');
INSERT INTO employee_absence (employee_id, employee_name, gender, city, job_title, department, store_location, business_unit, division, age, length_of_service, hours_absent) VALUES ('114', 'Mia Clark', 'Female', 'San Francisco', 'Software Engineer', 'Technology', 'Store D', 'Technology Division', 'Engineering', '30', '5', '0');
INSERT INTO employee_absence (employee_id, employee_name, gender, city, job_title, department, store_location, business_unit, division, age, length_of_service, hours_absent) VALUES ('115', 'Liam Lewis', 'Male', 'Houston', 'Human Resources Manager', 'Human Resources', 'Store E', 'HR Division', 'Human Resources', '38', '9', '32');
INSERT INTO employee_absence (employee_id, employee_name, gender, city, job_title, department, store_location, business_unit, division, age, length_of_service, hours_absent) VALUES ('116', 'Sofia Green', 'Female', 'Seattle', 'Operations Supervisor', 'Operations', 'Store F', 'Operations Division', 'Operations', '32', '7', '16');
INSERT INTO employee_absence (employee_id, employee_name, gender, city, job_title, department, store_location, business_unit, division, age, length_of_service, hours_absent) VALUES ('117', 'Noah Baker', 'Male', 'Miami', 'Customer Service Representative', 'Customer Service', 'Store G', 'Customer Service Division', 'Customer Service', '27', '3', '0');
INSERT INTO employee_absence (employee_id, employee_name, gender, city, job_title, department, store_location, business_unit, division, age, length_of_service, hours_absent) VALUES ('118', 'Ava Gonzalez', 'Female', 'Boston', 'Product Manager', 'Product Management', 'Store H', 'Product Division', 'Product Management', '34', '6', '0');
INSERT INTO employee_absence (employee_id, employee_name, gender, city, job_title, department, store_location, business_unit, division, age, length_of_service, hours_absent) VALUES ('119', 'Lucas Martinez', 'Male', 'Dallas', 'IT Specialist', 'IT', 'Store I', 'IT Division', 'IT', '31', '5', '24');
INSERT INTO employee_absence (employee_id, employee_name, gender, city, job_title, department, store_location, business_unit, division, age, length_of_service, hours_absent) VALUES ('120', 'Charlotte Hill', 'Female', 'Atlanta', 'Administrative Assistant', 'Administration', 'Store J', 'Admin Division', 'Administration', '28', '4', '0');
INSERT INTO employee_absence (employee_id, employee_name, gender, city, job_title, department, store_location, business_unit, division, age, length_of_service, hours_absent) VALUES ('121', 'Harper Collins', 'Female', 'New York', 'Accountant', 'Finance', 'Store A', 'Finance Division', 'Accounting', '33', '6', '8');
INSERT INTO employee_absence (employee_id, employee_name, gender, city, job_title, department, store_location, business_unit, division, age, length_of_service, hours_absent) VALUES ('122', 'Emma Adams', 'Female', 'Los Angeles', 'Marketing Specialist', 'Marketing', 'Store B', 'Marketing Division', 'Marketing', '30', '4', '16');
INSERT INTO employee_absence (employee_id, employee_name, gender, city, job_title, department, store_location, business_unit, division, age, length_of_service, hours_absent) VALUES ('123', 'Liam Turner', 'Male', 'Chicago', 'Sales Representative', 'Sales', 'Store C', 'Sales Division', 'Sales', '37', '8', '0');
INSERT INTO employee_absence (employee_id, employee_name, gender, city, job_title, department, store_location, business_unit, division, age, length_of_service, hours_absent) VALUES ('124', 'Olivia Harris', 'Female', 'San Francisco', 'Software Engineer', 'Technology', 'Store D', 'Technology Division', 'Engineering', '31', '5', '0');
INSERT INTO employee_absence (employee_id, employee_name, gender, city, job_title, department, store_location, business_unit, division, age, length_of_service, hours_absent) VALUES ('125', 'Noah Butler', 'Male', 'Houston', 'Human Resources Manager', 'Human Resources', 'Store E', 'HR Division', 'Human Resources', '39', '9', '40');
INSERT INTO employee_absence (employee_id, employee_name, gender, city, job_title, department, store_location, business_unit, division, age, length_of_service, hours_absent) VALUES ('126', 'Sophia Bell', 'Female', 'Seattle', 'Operations Supervisor', 'Operations', 'Store F', 'Operations Division', 'Operations', '33', '7', '16');
INSERT INTO employee_absence (employee_id, employee_name, gender, city, job_title, department, store_location, business_unit, division, age, length_of_service, hours_absent) VALUES ('127', 'Lucas Carter', 'Male', 'Miami', 'Customer Service Representative', 'Customer Service', 'Store G', 'Customer Service Division', 'Customer Service', '28', '3', '0');
INSERT INTO employee_absence (employee_id, employee_name, gender, city, job_title, department, store_location, business_unit, division, age, length_of_service, hours_absent) VALUES ('128', 'Ava Anderson', 'Female', 'Boston', 'Product Manager', 'Product Management', 'Store H', 'Product Division', 'Product Management', '35', '6', '0');
INSERT INTO employee_absence (employee_id, employee_name, gender, city, job_title, department, store_location, business_unit, division, age, length_of_service, hours_absent) VALUES ('129', 'James Walker', 'Male', 'Dallas', 'IT Specialist', 'IT', 'Store I', 'IT Division', 'IT', '32', '5', '16');
INSERT INTO employee_absence (employee_id, employee_name, gender, city, job_title, department, store_location, business_unit, division, age, length_of_service, hours_absent) VALUES ('130', 'Olivia Richardson', 'Female', 'Atlanta', 'Administrative Assistant', 'Administration', 'Store J', 'Admin Division', 'Administration', '29', '4', '0');
INSERT INTO employee_absence (employee_id, employee_name, gender, city, job_title, department, store_location, business_unit, division, age, length_of_service, hours_absent) VALUES ('131', 'Benjamin Wright', 'Male', 'New York', 'Accountant', 'Finance', 'Store A', 'Finance Division', 'Accounting', '34', '6', '8');
INSERT INTO employee_absence (employee_id, employee_name, gender, city, job_title, department, store_location, business_unit, division, age, length_of_service, hours_absent) VALUES ('132', 'Sophia Rodriguez', 'Female', 'Los Angeles', 'Marketing Specialist', 'Marketing', 'Store B', 'Marketing Division', 'Marketing', '31', '5', '16');
INSERT INTO employee_absence (employee_id, employee_name, gender, city, job_title, department, store_location, business_unit, division, age, length_of_service, hours_absent) VALUES ('133', 'Lucas Turner', 'Male', 'Chicago', 'Sales Representative', 'Sales', 'Store C', 'Sales Division', 'Sales', '38', '8', '0');
INSERT INTO employee_absence (employee_id, employee_name, gender, city, job_title, department, store_location, business_unit, division, age, length_of_service, hours_absent) VALUES ('134', 'Emma Davis', 'Female', 'San Francisco', 'Software Engineer', 'Technology', 'Store D', 'Technology Division', 'Engineering', '32', '6', '0');
INSERT INTO employee_absence (employee_id, employee_name, gender, city, job_title, department, store_location, business_unit, division, age, length_of_service, hours_absent) VALUES ('135', 'Noah Hernandez', 'Male', 'Houston', 'Human Resources Manager', 'Human Resources', 'Store E', 'HR Division', 'Human Resources', '40', '9', '48');
INSERT INTO employee_absence (employee_id, employee_name, gender, city, job_title, department, store_location, business_unit, division, age, length_of_service, hours_absent) VALUES ('136', 'Ava Wilson', 'Female', 'Seattle', 'Operations Supervisor', 'Operations', 'Store F', 'Operations Division', 'Operations', '34', '7', '16');
INSERT INTO employee_absence (employee_id, employee_name, gender, city, job_title, department, store_location, business_unit, division, age, length_of_service, hours_absent) VALUES ('137', 'Liam Adams', 'Male', 'Miami', 'Customer Service Representative', 'Customer Service', 'Store G', 'Customer Service Division', 'Customer Service', '29', '4', '0');
INSERT INTO employee_absence (employee_id, employee_name, gender, city, job_title, department, store_location, business_unit, division, age, length_of_service, hours_absent) VALUES ('138', 'Emily Moore', 'Female', 'Boston', 'Product Manager', 'Product Management', 'Store H', 'Product Division', 'Product Management', '36', '6', '0');
INSERT INTO employee_absence (employee_id, employee_name, gender, city, job_title, department, store_location, business_unit, division, age, length_of_service, hours_absent) VALUES ('139', 'William Phillips', 'Male', 'Dallas', 'IT Specialist', 'IT', 'Store I', 'IT Division', 'IT', '33', '5', '24');
INSERT INTO employee_absence (employee_id, employee_name, gender, city, job_title, department, store_location, business_unit, division, age, length_of_service, hours_absent) VALUES ('140', 'Sophia Anderson', 'Female', 'Atlanta', 'Administrative Assistant', 'Administration', 'Store J', 'Admin Division', 'Administration', '30', '4', '0');
INSERT INTO employee_absence (employee_id, employee_name, gender, city, job_title, department, store_location, business_unit, division, age, length_of_service, hours_absent) VALUES ('141', 'Charlotte Thompson', 'Female', 'New York', 'Accountant', 'Finance', 'Store A', 'Finance Division', 'Accounting', '35', '6', '8');
INSERT INTO employee_absence (employee_id, employee_name, gender, city, job_title, department, store_location, business_unit, division, age, length_of_service, hours_absent) VALUES ('142', 'Aiden Harris', 'Male', 'Los Angeles', 'Marketing Specialist', 'Marketing', 'Store B', 'Marketing Division', 'Marketing', '32', '5', '16');
INSERT INTO employee_absence (employee_id, employee_name, gender, city, job_title, department, store_location, business_unit, division, age, length_of_service, hours_absent) VALUES ('143', 'Liam Turner', 'Male', 'Chicago', 'Sales Representative', 'Sales', 'Store C', 'Sales Division', 'Sales', '39', '8', '0');
INSERT INTO employee_absence (employee_id, employee_name, gender, city, job_title, department, store_location, business_unit, division, age, length_of_service, hours_absent) VALUES ('144', 'Olivia Adams', 'Female', 'San Francisco', 'Software Engineer', 'Technology', 'Store D', 'Technology Division', 'Engineering', '33', '6', '0');
INSERT INTO employee_absence (employee_id, employee_name, gender, city, job_title, department, store_location, business_unit, division, age, length_of_service, hours_absent) VALUES ('145', 'Noah Richardson', 'Male', 'Houston', 'Human Resources Manager', 'Human Resources', 'Store E', 'HR Division', 'Human Resources', '41', '9', '56');
INSERT INTO employee_absence (employee_id, employee_name, gender, city, job_title, department, store_location, business_unit, division, age, length_of_service, hours_absent) VALUES ('146', 'Sophia Walker', 'Female', 'Seattle', 'Operations Supervisor', 'Operations', 'Store F', 'Operations Division', 'Operations', '35', '7', '16');
INSERT INTO employee_absence (employee_id, employee_name, gender, city, job_title, department, store_location, business_unit, division, age, length_of_service, hours_absent) VALUES ('147', 'Lucas Clark', 'Male', 'Miami', 'Customer Service Representative', 'Customer Service', 'Store G', 'Customer Service Division', 'Customer Service', '30', '4', '0');
INSERT INTO employee_absence (employee_id, employee_name, gender, city, job_title, department, store_location, business_unit, division, age, length_of_service, hours_absent) VALUES ('148', 'Emily Hill', 'Female', 'Boston', 'Product Manager', 'Product Management', 'Store H', 'Product Division', 'Product Management', '37', '6', '0');
INSERT INTO employee_absence (employee_id, employee_name, gender, city, job_title, department, store_location, business_unit, division, age, length_of_service, hours_absent) VALUES ('149', 'William Baker', 'Male', 'Dallas', 'IT Specialist', 'IT', 'Store I', 'IT Division', 'IT', '34', '5', '24');
INSERT INTO employee_absence (employee_id, employee_name, gender, city, job_title, department, store_location, business_unit, division, age, length_of_service, hours_absent) VALUES ('150', 'Ava Gonzalez', 'Female', 'Atlanta', 'Administrative Assistant', 'Administration', 'Store J', 'Admin Division', 'Administration', '31', '4', '0');
INSERT INTO employee_absence (employee_id, employee_name, gender, city, job_title, department, store_location, business_unit, division, age, length_of_service, hours_absent) VALUES ('101', 'John Smith', 'Male', 'New York', 'Accountant', 'Finance', 'Store A', 'Finance Division', 'Accounting', '32', '5', '8');
INSERT INTO employee_absence (employee_id, employee_name, gender, city, job_title, department, store_location, business_unit, division, age, length_of_service, hours_absent) VALUES ('102', 'Sarah Johnson', 'Female', 'Los Angeles', 'Marketing Specialist', 'Marketing', 'Store B', 'Marketing Division', 'Marketing', '28', '3', '16');
INSERT INTO employee_absence (employee_id, employee_name, gender, city, job_title, department, store_location, business_unit, division, age, length_of_service, hours_absent) VALUES ('103', 'Michael Davis', 'Male', 'Chicago', 'Sales Representative', 'Sales', 'Store C', 'Sales Division', 'Sales', '35', '7', '4');
INSERT INTO employee_absence (employee_id, employee_name, gender, city, job_title, department, store_location, business_unit, division, age, length_of_service, hours_absent) VALUES ('104', 'Emily Wilson', 'Female', 'San Francisco', 'Software Engineer', 'Technology', 'Store D', 'Technology Division', 'Engineering', '29', '4', '0');
INSERT INTO employee_absence (employee_id, employee_name, gender, city, job_title, department, store_location, business_unit, division, age, length_of_service, hours_absent) VALUES ('105', 'Robert Anderson', 'Male', 'Houston', 'Human Resources Manager', 'Human Resources', 'Store E', 'HR Division', 'Human Resources', '37', '8', '24');
INSERT INTO employee_absence (employee_id, employee_name, gender, city, job_title, department, store_location, business_unit, division, age, length_of_service, hours_absent) VALUES ('106', 'Olivia Thompson', 'Female', 'Seattle', 'Operations Supervisor', 'Operations', 'Store F', 'Operations Division', 'Operations', '31', '6', '8');
INSERT INTO employee_absence (employee_id, employee_name, gender, city, job_title, department, store_location, business_unit, division, age, length_of_service, hours_absent) VALUES ('107', 'David Martinez', 'Male', 'Miami', 'Customer Service Representative', 'Customer Service', 'Store G', 'Customer Service Division', 'Customer Service', '26', '2', '0');
INSERT INTO employee_absence (employee_id, employee_name, gender, city, job_title, department, store_location, business_unit, division, age, length_of_service, hours_absent) VALUES ('108', 'Sophia Lee', 'Female', 'Boston', 'Product Manager', 'Product Management', 'Store H', 'Product Division', 'Product Management', '33', '5', '0');
INSERT INTO employee_absence (employee_id, employee_name, gender, city, job_title, department, store_location, business_unit, division, age, length_of_service, hours_absent) VALUES ('109', 'James Rodriguez', 'Male', 'Dallas', 'IT Specialist', 'IT', 'Store I', 'IT Division', 'IT', '30', '4', '16');
INSERT INTO employee_absence (employee_id, employee_name, gender, city, job_title, department, store_location, business_unit, division, age, length_of_service, hours_absent) VALUES ('110', 'Emma Taylor', 'Female', 'Atlanta', 'Administrative Assistant', 'Administration', 'Store J', 'Admin Division', 'Administration', '27', '3', '0');
INSERT INTO employee_absence (employee_id, employee_name, gender, city, job_title, department, store_location, business_unit, division, age, length_of_service, hours_absent) VALUES ('111', 'William Hernandez', 'Male', 'New York', 'Accountant', 'Finance', 'Store A', 'Finance Division', 'Accounting', '34', '6', '8');
INSERT INTO employee_absence (employee_id, employee_name, gender, city, job_title, department, store_location, business_unit, division, age, length_of_service, hours_absent) VALUES ('112', 'Isabella Moore', 'Female', 'Los Angeles', 'Marketing Specialist', 'Marketing', 'Store B', 'Marketing Division', 'Marketing', '29', '4', '16');
INSERT INTO employee_absence (employee_id, employee_name, gender, city, job_title, department, store_location, business_unit, division, age, length_of_service, hours_absent) VALUES ('113', 'Aiden Brown', 'Male', 'Chicago', 'Sales Representative', 'Sales', 'Store C', 'Sales Division', 'Sales', '36', '7', '0');
INSERT INTO employee_absence (employee_id, employee_name, gender, city, job_title, department, store_location, business_unit, division, age, length_of_service, hours_absent) VALUES ('114', 'Mia Clark', 'Female', 'San Francisco', 'Software Engineer', 'Technology', 'Store D', 'Technology Division', 'Engineering', '30', '5', '0');
INSERT INTO employee_absence (employee_id, employee_name, gender, city, job_title, department, store_location, business_unit, division, age, length_of_service, hours_absent) VALUES ('115', 'Liam Lewis', 'Male', 'Houston', 'Human Resources Manager', 'Human Resources', 'Store E', 'HR Division', 'Human Resources', '38', '9', '32');
INSERT INTO employee_absence (employee_id, employee_name, gender, city, job_title, department, store_location, business_unit, division, age, length_of_service, hours_absent) VALUES ('116', 'Sofia Green', 'Female', 'Seattle', 'Operations Supervisor', 'Operations', 'Store F', 'Operations Division', 'Operations', '32', '7', '16');
INSERT INTO employee_absence (employee_id, employee_name, gender, city, job_title, department, store_location, business_unit, division, age, length_of_service, hours_absent) VALUES ('117', 'Noah Baker', 'Male', 'Miami', 'Customer Service Representative', 'Customer Service', 'Store G', 'Customer Service Division', 'Customer Service', '27', '3', '0');
INSERT INTO employee_absence (employee_id, employee_name, gender, city, job_title, department, store_location, business_unit, division, age, length_of_service, hours_absent) VALUES ('118', 'Ava Gonzalez', 'Female', 'Boston', 'Product Manager', 'Product Management', 'Store H', 'Product Division', 'Product Management', '34', '6', '0');
INSERT INTO employee_absence (employee_id, employee_name, gender, city, job_title, department, store_location, business_unit, division, age, length_of_service, hours_absent) VALUES ('119', 'Lucas Martinez', 'Male', 'Dallas', 'IT Specialist', 'IT', 'Store I', 'IT Division', 'IT', '31', '5', '24');
INSERT INTO employee_absence (employee_id, employee_name, gender, city, job_title, department, store_location, business_unit, division, age, length_of_service, hours_absent) VALUES ('120', 'Charlotte Hill', 'Female', 'Atlanta', 'Administrative Assistant', 'Administration', 'Store J', 'Admin Division', 'Administration', '28', '4', '0');
INSERT INTO employee_absence (employee_id, employee_name, gender, city, job_title, department, store_location, business_unit, division, age, length_of_service, hours_absent) VALUES ('121', 'Harper Collins', 'Female', 'New York', 'Accountant', 'Finance', 'Store A', 'Finance Division', 'Accounting', '33', '6', '8');
INSERT INTO employee_absence (employee_id, employee_name, gender, city, job_title, department, store_location, business_unit, division, age, length_of_service, hours_absent) VALUES ('122', 'Emma Adams', 'Female', 'Los Angeles', 'Marketing Specialist', 'Marketing', 'Store B', 'Marketing Division', 'Marketing', '30', '4', '16');
INSERT INTO employee_absence (employee_id, employee_name, gender, city, job_title, department, store_location, business_unit, division, age, length_of_service, hours_absent) VALUES ('123', 'Liam Turner', 'Male', 'Chicago', 'Sales Representative', 'Sales', 'Store C', 'Sales Division', 'Sales', '37', '8', '0');
INSERT INTO employee_absence (employee_id, employee_name, gender, city, job_title, department, store_location, business_unit, division, age, length_of_service, hours_absent) VALUES ('124', 'Olivia Harris', 'Female', 'San Francisco', 'Software Engineer', 'Technology', 'Store D', 'Technology Division', 'Engineering', '31', '5', '0');
INSERT INTO employee_absence (employee_id, employee_name, gender, city, job_title, department, store_location, business_unit, division, age, length_of_service, hours_absent) VALUES ('125', 'Noah Butler', 'Male', 'Houston', 'Human Resources Manager', 'Human Resources', 'Store E', 'HR Division', 'Human Resources', '39', '9', '40');
INSERT INTO employee_absence (employee_id, employee_name, gender, city, job_title, department, store_location, business_unit, division, age, length_of_service, hours_absent) VALUES ('126', 'Sophia Bell', 'Female', 'Seattle', 'Operations Supervisor', 'Operations', 'Store F', 'Operations Division', 'Operations', '33', '7', '16');
INSERT INTO employee_absence (employee_id, employee_name, gender, city, job_title, department, store_location, business_unit, division, age, length_of_service, hours_absent) VALUES ('127', 'Lucas Carter', 'Male', 'Miami', 'Customer Service Representative', 'Customer Service', 'Store G', 'Customer Service Division', 'Customer Service', '28', '3', '0');
INSERT INTO employee_absence (employee_id, employee_name, gender, city, job_title, department, store_location, business_unit, division, age, length_of_service, hours_absent) VALUES ('128', 'Ava Anderson', 'Female', 'Boston', 'Product Manager', 'Product Management', 'Store H', 'Product Division', 'Product Management', '35', '6', '0');
INSERT INTO employee_absence (employee_id, employee_name, gender, city, job_title, department, store_location, business_unit, division, age, length_of_service, hours_absent) VALUES ('129', 'James Walker', 'Male', 'Dallas', 'IT Specialist', 'IT', 'Store I', 'IT Division', 'IT', '32', '5', '16');
INSERT INTO employee_absence (employee_id, employee_name, gender, city, job_title, department, store_location, business_unit, division, age, length_of_service, hours_absent) VALUES ('130', 'Olivia Richardson', 'Female', 'Atlanta', 'Administrative Assistant', 'Administration', 'Store J', 'Admin Division', 'Administration', '29', '4', '0');
INSERT INTO employee_absence (employee_id, employee_name, gender, city, job_title, department, store_location, business_unit, division, age, length_of_service, hours_absent) VALUES ('131', 'Benjamin Wright', 'Male', 'New York', 'Accountant', 'Finance', 'Store A', 'Finance Division', 'Accounting', '34', '6', '8');
INSERT INTO employee_absence (employee_id, employee_name, gender, city, job_title, department, store_location, business_unit, division, age, length_of_service, hours_absent) VALUES ('132', 'Sophia Rodriguez', 'Female', 'Los Angeles', 'Marketing Specialist', 'Marketing', 'Store B', 'Marketing Division', 'Marketing', '31', '5', '16');
INSERT INTO employee_absence (employee_id, employee_name, gender, city, job_title, department, store_location, business_unit, division, age, length_of_service, hours_absent) VALUES ('133', 'Lucas Turner', 'Male', 'Chicago', 'Sales Representative', 'Sales', 'Store C', 'Sales Division', 'Sales', '38', '8', '0');
INSERT INTO employee_absence (employee_id, employee_name, gender, city, job_title, department, store_location, business_unit, division, age, length_of_service, hours_absent) VALUES ('134', 'Emma Davis', 'Female', 'San Francisco', 'Software Engineer', 'Technology', 'Store D', 'Technology Division', 'Engineering', '32', '6', '0');
INSERT INTO employee_absence (employee_id, employee_name, gender, city, job_title, department, store_location, business_unit, division, age, length_of_service, hours_absent) VALUES ('135', 'Noah Hernandez', 'Male', 'Houston', 'Human Resources Manager', 'Human Resources', 'Store E', 'HR Division', 'Human Resources', '40', '9', '48');
INSERT INTO employee_absence (employee_id, employee_name, gender, city, job_title, department, store_location, business_unit, division, age, length_of_service, hours_absent) VALUES ('136', 'Ava Wilson', 'Female', 'Seattle', 'Operations Supervisor', 'Operations', 'Store F', 'Operations Division', 'Operations', '34', '7', '16');
INSERT INTO employee_absence (employee_id, employee_name, gender, city, job_title, department, store_location, business_unit, division, age, length_of_service, hours_absent) VALUES ('137', 'Liam Adams', 'Male', 'Miami', 'Customer Service Representative', 'Customer Service', 'Store G', 'Customer Service Division', 'Customer Service', '29', '4', '0');
INSERT INTO employee_absence (employee_id, employee_name, gender, city, job_title, department, store_location, business_unit, division, age, length_of_service, hours_absent) VALUES ('138', 'Emily Moore', 'Female', 'Boston', 'Product Manager', 'Product Management', 'Store H', 'Product Division', 'Product Management', '36', '6', '0');
INSERT INTO employee_absence (employee_id, employee_name, gender, city, job_title, department, store_location, business_unit, division, age, length_of_service, hours_absent) VALUES ('139', 'William Phillips', 'Male', 'Dallas', 'IT Specialist', 'IT', 'Store I', 'IT Division', 'IT', '33', '5', '24');
INSERT INTO employee_absence (employee_id, employee_name, gender, city, job_title, department, store_location, business_unit, division, age, length_of_service, hours_absent) VALUES ('140', 'Sophia Anderson', 'Female', 'Atlanta', 'Administrative Assistant', 'Administration', 'Store J', 'Admin Division', 'Administration', '30', '4', '0');
INSERT INTO employee_absence (employee_id, employee_name, gender, city, job_title, department, store_location, business_unit, division, age, length_of_service, hours_absent) VALUES ('141', 'Charlotte Thompson', 'Female', 'New York', 'Accountant', 'Finance', 'Store A', 'Finance Division', 'Accounting', '35', '6', '8');
INSERT INTO employee_absence (employee_id, employee_name, gender, city, job_title, department, store_location, business_unit, division, age, length_of_service, hours_absent) VALUES ('142', 'Aiden Harris', 'Male', 'Los Angeles', 'Marketing Specialist', 'Marketing', 'Store B', 'Marketing Division', 'Marketing', '32', '5', '16');
INSERT INTO employee_absence (employee_id, employee_name, gender, city, job_title, department, store_location, business_unit, division, age, length_of_service, hours_absent) VALUES ('143', 'Liam Turner', 'Male', 'Chicago', 'Sales Representative', 'Sales', 'Store C', 'Sales Division', 'Sales', '39', '8', '0');
INSERT INTO employee_absence (employee_id, employee_name, gender, city, job_title, department, store_location, business_unit, division, age, length_of_service, hours_absent) VALUES ('144', 'Olivia Adams', 'Female', 'San Francisco', 'Software Engineer', 'Technology', 'Store D', 'Technology Division', 'Engineering', '33', '6', '0');
INSERT INTO employee_absence (employee_id, employee_name, gender, city, job_title, department, store_location, business_unit, division, age, length_of_service, hours_absent) VALUES ('145', 'Noah Richardson', 'Male', 'Houston', 'Human Resources Manager', 'Human Resources', 'Store E', 'HR Division', 'Human Resources', '41', '9', '56');
INSERT INTO employee_absence (employee_id, employee_name, gender, city, job_title, department, store_location, business_unit, division, age, length_of_service, hours_absent) VALUES ('146', 'Sophia Walker', 'Female', 'Seattle', 'Operations Supervisor', 'Operations', 'Store F', 'Operations Division', 'Operations', '35', '7', '16');
INSERT INTO employee_absence (employee_id, employee_name, gender, city, job_title, department, store_location, business_unit, division, age, length_of_service, hours_absent) VALUES ('147', 'Lucas Clark', 'Male', 'Miami', 'Customer Service Representative', 'Customer Service', 'Store G', 'Customer Service Division', 'Customer Service', '30', '4', '0');
INSERT INTO employee_absence (employee_id, employee_name, gender, city, job_title, department, store_location, business_unit, division, age, length_of_service, hours_absent) VALUES ('148', 'Emily Hill', 'Female', 'Boston', 'Product Manager', 'Product Management', 'Store H', 'Product Division', 'Product Management', '37', '6', '0');
INSERT INTO employee_absence (employee_id, employee_name, gender, city, job_title, department, store_location, business_unit, division, age, length_of_service, hours_absent) VALUES ('149', 'William Baker', 'Male', 'Dallas', 'IT Specialist', 'IT', 'Store I', 'IT Division', 'IT', '34', '5', '24');
INSERT INTO employee_absence (employee_id, employee_name, gender, city, job_title, department, store_location, business_unit, division, age, length_of_service, hours_absent) VALUES ('150', 'Ava Gonzalez', 'Female', 'Atlanta', 'Administrative Assistant', 'Administration', 'Store J', 'Admin Division', 'Administration', '31', '4', '0');

--
--
INSERT INTO engagement_results (employee_id, employee_name, gender, age, department, job_title, satisfaction_score, work_life_balance_score, career_growth_score, communication_score, teamwork_score) VALUES ('102', 'Sarah Johnson', 'Female', '28', 'Marketing', 'Marketing Specialist', '5', '4', '3', '5', '4');
INSERT INTO engagement_results (employee_id, employee_name, gender, age, department, job_title, satisfaction_score, work_life_balance_score, career_growth_score, communication_score, teamwork_score) VALUES ('103', 'Michael Davis', 'Male', '35', 'Sales', 'Sales Representative', '4', '2', '3', '4', '3');
INSERT INTO engagement_results (employee_id, employee_name, gender, age, department, job_title, satisfaction_score, work_life_balance_score, career_growth_score, communication_score, teamwork_score) VALUES ('104', 'Emily Wilson', 'Female', '29', 'Technology', 'Software Engineer', '5', '3', '4', '5', '5');
INSERT INTO engagement_results (employee_id, employee_name, gender, age, department, job_title, satisfaction_score, work_life_balance_score, career_growth_score, communication_score, teamwork_score) VALUES ('105', 'Robert Anderson', 'Male', '37', 'Human Resources', 'HR Manager', '3', '2', '2', '3', '3');
INSERT INTO engagement_results (employee_id, employee_name, gender, age, department, job_title, satisfaction_score, work_life_balance_score, career_growth_score, communication_score, teamwork_score) VALUES ('106', 'Olivia Thompson', 'Female', '31', 'Operations', 'Operations Supervisor', '4', '4', '3', '4', '4');
INSERT INTO engagement_results (employee_id, employee_name, gender, age, department, job_title, satisfaction_score, work_life_balance_score, career_growth_score, communication_score, teamwork_score) VALUES ('107', 'David Martinez', 'Male', '26', 'Customer Service', 'Customer Service Representative', '5', '4', '4', '5', '5');
INSERT INTO engagement_results (employee_id, employee_name, gender, age, department, job_title, satisfaction_score, work_life_balance_score, career_growth_score, communication_score, teamwork_score) VALUES ('108', 'Sophia Lee', 'Female', '33', 'Product Management', 'Product Manager', '3', '3', '4', '4', '3');
INSERT INTO engagement_results (employee_id, employee_name, gender, age, department, job_title, satisfaction_score, work_life_balance_score, career_growth_score, communication_score, teamwork_score) VALUES ('109', 'James Rodriguez', 'Male', '30', 'IT', 'IT Specialist', '4', '3', '4', '4', '4');
INSERT INTO engagement_results (employee_id, employee_name, gender, age, department, job_title, satisfaction_score, work_life_balance_score, career_growth_score, communication_score, teamwork_score) VALUES ('110', 'Emma Taylor', 'Female', '27', 'Administration', 'Administrative Assistant', '5', '4', '3', '5', '5');
INSERT INTO engagement_results (employee_id, employee_name, gender, age, department, job_title, satisfaction_score, work_life_balance_score, career_growth_score, communication_score, teamwork_score) VALUES ('111', 'William Hernandez', 'Male', '34', 'Finance', 'Accountant', '4', '3', '3', '4', '4');
INSERT INTO engagement_results (employee_id, employee_name, gender, age, department, job_title, satisfaction_score, work_life_balance_score, career_growth_score, communication_score, teamwork_score) VALUES ('112', 'Isabella Moore', 'Female', '29', 'Marketing', 'Marketing Specialist', '5', '4', '3', '5', '4');
INSERT INTO engagement_results (employee_id, employee_name, gender, age, department, job_title, satisfaction_score, work_life_balance_score, career_growth_score, communication_score, teamwork_score) VALUES ('113', 'Aiden Brown', 'Male', '36', 'Sales', 'Sales Representative', '4', '2', '3', '4', '3');
INSERT INTO engagement_results (employee_id, employee_name, gender, age, department, job_title, satisfaction_score, work_life_balance_score, career_growth_score, communication_score, teamwork_score) VALUES ('114', 'Mia Clark', 'Female', '30', 'Technology', 'Software Engineer', '5', '3', '4', '5', '5');
INSERT INTO engagement_results (employee_id, employee_name, gender, age, department, job_title, satisfaction_score, work_life_balance_score, career_growth_score, communication_score, teamwork_score) VALUES ('115', 'Liam Lewis', 'Male', '38', 'Human Resources', 'HR Manager', '3', '2', '2', '3', '3');
INSERT INTO engagement_results (employee_id, employee_name, gender, age, department, job_title, satisfaction_score, work_life_balance_score, career_growth_score, communication_score, teamwork_score) VALUES ('118', 'Ava Gonzalez', 'Female', '34', 'Product Management', 'Product Manager', '3', '3', '4', '4', '3');
INSERT INTO engagement_results (employee_id, employee_name, gender, age, department, job_title, satisfaction_score, work_life_balance_score, career_growth_score, communication_score, teamwork_score) VALUES ('119', 'Lucas Martinez', 'Male', '31', 'IT', 'IT Specialist', '4', '3', '4', '4', '4');
INSERT INTO engagement_results (employee_id, employee_name, gender, age, department, job_title, satisfaction_score, work_life_balance_score, career_growth_score, communication_score, teamwork_score) VALUES ('121', 'Harper Collins', 'Female', '33', 'Finance', 'Accountant', '4', '3', '3', '4', '4');
INSERT INTO engagement_results (employee_id, employee_name, gender, age, department, job_title, satisfaction_score, work_life_balance_score, career_growth_score, communication_score, teamwork_score) VALUES ('122', 'Emma Adams', 'Female', '30', 'Marketing', 'Marketing Specialist', '5', '4', '3', '5', '4');
INSERT INTO engagement_results (employee_id, employee_name, gender, age, department, job_title, satisfaction_score, work_life_balance_score, career_growth_score, communication_score, teamwork_score) VALUES ('123', 'Liam Turner', 'Male', '37', 'Sales', 'Sales Representative', '4', '2', '3', '4', '3');
INSERT INTO engagement_results (employee_id, employee_name, gender, age, department, job_title, satisfaction_score, work_life_balance_score, career_growth_score, communication_score, teamwork_score) VALUES ('125', 'Noah Butler', 'Male', '39', 'Human Resources', 'HR Manager', '3', '2', '2', '3', '3');
INSERT INTO engagement_results (employee_id, employee_name, gender, age, department, job_title, satisfaction_score, work_life_balance_score, career_growth_score, communication_score, teamwork_score) VALUES ('126', 'Sophia Bell', 'Female', '33', 'Operations', 'Operations Supervisor', '4', '4', '3', '4', '4');
INSERT INTO engagement_results (employee_id, employee_name, gender, age, department, job_title, satisfaction_score, work_life_balance_score, career_growth_score, communication_score, teamwork_score) VALUES ('128', 'Ava Anderson', 'Female', '35', 'Product Management', 'Product Manager', '3', '3', '4', '4', '3');
INSERT INTO engagement_results (employee_id, employee_name, gender, age, department, job_title, satisfaction_score, work_life_balance_score, career_growth_score, communication_score, teamwork_score) VALUES ('129', 'James Walker', 'Male', '32', 'IT', 'IT Specialist', '4', '3', '4', '4', '4');
INSERT INTO engagement_results (employee_id, employee_name, gender, age, department, job_title, satisfaction_score, work_life_balance_score, career_growth_score, communication_score, teamwork_score) VALUES ('130', 'Olivia Richardson', 'Female', '29', 'Administration', 'Administrative Assistant', '5', '4', '3', '5', '5');
INSERT INTO engagement_results (employee_id, employee_name, gender, age, department, job_title, satisfaction_score, work_life_balance_score, career_growth_score, communication_score, teamwork_score) VALUES ('131', 'Benjamin Wright', 'Male', '34', 'Finance', 'Accountant', '4', '3', '3', '4', '4');
INSERT INTO engagement_results (employee_id, employee_name, gender, age, department, job_title, satisfaction_score, work_life_balance_score, career_growth_score, communication_score, teamwork_score) VALUES ('133', 'Lucas Turner', 'Male', '38', 'Sales', 'Sales Representative', '4', '2', '3', '4', '3');
INSERT INTO engagement_results (employee_id, employee_name, gender, age, department, job_title, satisfaction_score, work_life_balance_score, career_growth_score, communication_score, teamwork_score) VALUES ('134', 'Emma Davis', 'Female', '32', 'Technology', 'Software Engineer', '5', '3', '4', '5', '5');
INSERT INTO engagement_results (employee_id, employee_name, gender, age, department, job_title, satisfaction_score, work_life_balance_score, career_growth_score, communication_score, teamwork_score) VALUES ('135', 'Noah Hernandez', 'Male', '40', 'Human Resources', 'HR Manager', '3', '2', '2', '3', '3');
INSERT INTO engagement_results (employee_id, employee_name, gender, age, department, job_title, satisfaction_score, work_life_balance_score, career_growth_score, communication_score, teamwork_score) VALUES ('136', 'Ava Wilson', 'Female', '34', 'Operations', 'Operations Supervisor', '4', '4', '3', '4', '4');
INSERT INTO engagement_results (employee_id, employee_name, gender, age, department, job_title, satisfaction_score, work_life_balance_score, career_growth_score, communication_score, teamwork_score) VALUES ('137', 'Liam Adams', 'Male', '29', 'Customer Service', 'Customer Service Representative', '5', '4', '4', '5', '5');
INSERT INTO engagement_results (employee_id, employee_name, gender, age, department, job_title, satisfaction_score, work_life_balance_score, career_growth_score, communication_score, teamwork_score) VALUES ('138', 'Emily Moore', 'Female', '36', 'Product Management', 'Product Manager', '3', '3', '4', '4', '3');
INSERT INTO engagement_results (employee_id, employee_name, gender, age, department, job_title, satisfaction_score, work_life_balance_score, career_growth_score, communication_score, teamwork_score) VALUES ('139', 'William Phillips', 'Male', '33', 'IT', 'IT Specialist', '4', '3', '4', '4', '4');
INSERT INTO engagement_results (employee_id, employee_name, gender, age, department, job_title, satisfaction_score, work_life_balance_score, career_growth_score, communication_score, teamwork_score) VALUES ('140', 'Sophia Anderson', 'Female', '30', 'Administration', 'Administrative Assistant', '5', '4', '3', '5', '5');
INSERT INTO engagement_results (employee_id, employee_name, gender, age, department, job_title, satisfaction_score, work_life_balance_score, career_growth_score, communication_score, teamwork_score) VALUES ('141', 'Charlotte Thompson', 'Female', '35', 'Finance', 'Accountant', '4', '3', '3', '4', '4');
INSERT INTO engagement_results (employee_id, employee_name, gender, age, department, job_title, satisfaction_score, work_life_balance_score, career_growth_score, communication_score, teamwork_score) VALUES ('143', 'Liam Turner', 'Male', '39', 'Sales', 'Sales Representative', '4', '2', '3', '4', '3');
INSERT INTO engagement_results (employee_id, employee_name, gender, age, department, job_title, satisfaction_score, work_life_balance_score, career_growth_score, communication_score, teamwork_score) VALUES ('144', 'Olivia Adams', 'Female', '33', 'Technology', 'Software Engineer', '5', '3', '4', '5', '5');
INSERT INTO engagement_results (employee_id, employee_name, gender, age, department, job_title, satisfaction_score, work_life_balance_score, career_growth_score, communication_score, teamwork_score) VALUES ('145', 'Noah Richardson', 'Male', '41', 'Human Resources', 'HR Manager', '3', '2', '2', '3', '3');
INSERT INTO engagement_results (employee_id, employee_name, gender, age, department, job_title, satisfaction_score, work_life_balance_score, career_growth_score, communication_score, teamwork_score) VALUES ('146', 'Sophia Walker', 'Female', '35', 'Operations', 'Operations Supervisor', '4', '4', '3', '4', '4');
INSERT INTO engagement_results (employee_id, employee_name, gender, age, department, job_title, satisfaction_score, work_life_balance_score, career_growth_score, communication_score, teamwork_score) VALUES ('147', 'Lucas Clark', 'Male', '30', 'Customer Service', 'Customer Service Representative', '5', '4', '4', '5', '5');
INSERT INTO engagement_results (employee_id, employee_name, gender, age, department, job_title, satisfaction_score, work_life_balance_score, career_growth_score, communication_score, teamwork_score) VALUES ('148', 'Emily Hill', 'Female', '37', 'Product Management', 'Product Manager', '3', '3', '4', '4', '3');
INSERT INTO engagement_results (employee_id, employee_name, gender, age, department, job_title, satisfaction_score, work_life_balance_score, career_growth_score, communication_score, teamwork_score) VALUES ('149', 'William Baker', 'Male', '34', 'IT', 'IT Specialist', '4', '3', '4', '4', '4');
INSERT INTO engagement_results (employee_id, employee_name, gender, age, department, job_title, satisfaction_score, work_life_balance_score, career_growth_score, communication_score, teamwork_score) VALUES ('150', 'Ava Gonzalez', 'Female', '31', 'Administration', 'Administrative Assistant', '5', '4', '3', '5', '5');
INSERT INTO engagement_results (employee_id, employee_name, gender, age, department, job_title, satisfaction_score, work_life_balance_score, career_growth_score, communication_score, teamwork_score) VALUES ('252', 'Parker Johnson', 'Male', '26', 'IT', 'Manager', '8', '1', '3', '1', '9');
INSERT INTO engagement_results (employee_id, employee_name, gender, age, department, job_title, satisfaction_score, work_life_balance_score, career_growth_score, communication_score, teamwork_score) VALUES ('204', 'Drew Williams', 'Female', '33', 'Sales', 'Analyst', '1', '10', '9', '5', '4');
INSERT INTO engagement_results (employee_id, employee_name, gender, age, department, job_title, satisfaction_score, work_life_balance_score, career_growth_score, communication_score, teamwork_score) VALUES ('295', 'Jordan Williams', 'Non-Binary', '39', 'HR', 'Manager', '10', '1', '1', '1', '1');
INSERT INTO engagement_results (employee_id, employee_name, gender, age, department, job_title, satisfaction_score, work_life_balance_score, career_growth_score, communication_score, teamwork_score) VALUES ('242', 'Casey Johnson', 'Male', '44', 'IT', 'Engineer', '3', '2', '7', '6', '5');
INSERT INTO engagement_results (employee_id, employee_name, gender, age, department, job_title, satisfaction_score, work_life_balance_score, career_growth_score, communication_score, teamwork_score) VALUES ('284', 'Jamie Lee', 'Male', '45', 'IT', 'Associate', '5', '5', '9', '4', '3');
INSERT INTO engagement_results (employee_id, employee_name, gender, age, department, job_title, satisfaction_score, work_life_balance_score, career_growth_score, communication_score, teamwork_score) VALUES ('101', 'John Smith', 'Male', '32', 'Finance', 'Accountant', '4', '3', '3', '4', '4');
INSERT INTO engagement_results (employee_id, employee_name, gender, age, department, job_title, satisfaction_score, work_life_balance_score, career_growth_score, communication_score, teamwork_score) VALUES ('102', 'Sarah Johnson', 'Female', '28', 'Marketing', 'Marketing Specialist', '5', '4', '3', '5', '4');
INSERT INTO engagement_results (employee_id, employee_name, gender, age, department, job_title, satisfaction_score, work_life_balance_score, career_growth_score, communication_score, teamwork_score) VALUES ('103', 'Michael Davis', 'Male', '35', 'Sales', 'Sales Representative', '4', '2', '3', '4', '3');
INSERT INTO engagement_results (employee_id, employee_name, gender, age, department, job_title, satisfaction_score, work_life_balance_score, career_growth_score, communication_score, teamwork_score) VALUES ('104', 'Emily Wilson', 'Female', '29', 'Technology', 'Software Engineer', '5', '3', '4', '5', '5');
INSERT INTO engagement_results (employee_id, employee_name, gender, age, department, job_title, satisfaction_score, work_life_balance_score, career_growth_score, communication_score, teamwork_score) VALUES ('105', 'Robert Anderson', 'Male', '37', 'Human Resources', 'HR Manager', '3', '2', '2', '3', '3');
INSERT INTO engagement_results (employee_id, employee_name, gender, age, department, job_title, satisfaction_score, work_life_balance_score, career_growth_score, communication_score, teamwork_score) VALUES ('106', 'Olivia Thompson', 'Female', '31', 'Operations', 'Operations Supervisor', '4', '4', '3', '4', '4');
INSERT INTO engagement_results (employee_id, employee_name, gender, age, department, job_title, satisfaction_score, work_life_balance_score, career_growth_score, communication_score, teamwork_score) VALUES ('107', 'David Martinez', 'Male', '26', 'Customer Service', 'Customer Service Representative', '5', '4', '4', '5', '5');
INSERT INTO engagement_results (employee_id, employee_name, gender, age, department, job_title, satisfaction_score, work_life_balance_score, career_growth_score, communication_score, teamwork_score) VALUES ('108', 'Sophia Lee', 'Female', '33', 'Product Management', 'Product Manager', '3', '3', '4', '4', '3');
INSERT INTO engagement_results (employee_id, employee_name, gender, age, department, job_title, satisfaction_score, work_life_balance_score, career_growth_score, communication_score, teamwork_score) VALUES ('109', 'James Rodriguez', 'Male', '30', 'IT', 'IT Specialist', '4', '3', '4', '4', '4');
INSERT INTO engagement_results (employee_id, employee_name, gender, age, department, job_title, satisfaction_score, work_life_balance_score, career_growth_score, communication_score, teamwork_score) VALUES ('110', 'Emma Taylor', 'Female', '27', 'Administration', 'Administrative Assistant', '5', '4', '3', '5', '5');
INSERT INTO engagement_results (employee_id, employee_name, gender, age, department, job_title, satisfaction_score, work_life_balance_score, career_growth_score, communication_score, teamwork_score) VALUES ('111', 'William Hernandez', 'Male', '34', 'Finance', 'Accountant', '4', '3', '3', '4', '4');
INSERT INTO engagement_results (employee_id, employee_name, gender, age, department, job_title, satisfaction_score, work_life_balance_score, career_growth_score, communication_score, teamwork_score) VALUES ('112', 'Isabella Moore', 'Female', '29', 'Marketing', 'Marketing Specialist', '5', '4', '3', '5', '4');
INSERT INTO engagement_results (employee_id, employee_name, gender, age, department, job_title, satisfaction_score, work_life_balance_score, career_growth_score, communication_score, teamwork_score) VALUES ('113', 'Aiden Brown', 'Male', '36', 'Sales', 'Sales Representative', '4', '2', '3', '4', '3');
INSERT INTO engagement_results (employee_id, employee_name, gender, age, department, job_title, satisfaction_score, work_life_balance_score, career_growth_score, communication_score, teamwork_score) VALUES ('114', 'Mia Clark', 'Female', '30', 'Technology', 'Software Engineer', '5', '3', '4', '5', '5');
INSERT INTO engagement_results (employee_id, employee_name, gender, age, department, job_title, satisfaction_score, work_life_balance_score, career_growth_score, communication_score, teamwork_score) VALUES ('115', 'Liam Lewis', 'Male', '38', 'Human Resources', 'HR Manager', '3', '2', '2', '3', '3');
INSERT INTO engagement_results (employee_id, employee_name, gender, age, department, job_title, satisfaction_score, work_life_balance_score, career_growth_score, communication_score, teamwork_score) VALUES ('116', 'Sofia Green', 'Female', '32', 'Operations', 'Operations Supervisor', '4', '4', '3', '4', '4');
INSERT INTO engagement_results (employee_id, employee_name, gender, age, department, job_title, satisfaction_score, work_life_balance_score, career_growth_score, communication_score, teamwork_score) VALUES ('117', 'Noah Baker', 'Male', '27', 'Customer Service', 'Customer Service Representative', '5', '4', '4', '5', '5');
INSERT INTO engagement_results (employee_id, employee_name, gender, age, department, job_title, satisfaction_score, work_life_balance_score, career_growth_score, communication_score, teamwork_score) VALUES ('118', 'Ava Gonzalez', 'Female', '34', 'Product Management', 'Product Manager', '3', '3', '4', '4', '3');
INSERT INTO engagement_results (employee_id, employee_name, gender, age, department, job_title, satisfaction_score, work_life_balance_score, career_growth_score, communication_score, teamwork_score) VALUES ('119', 'Lucas Martinez', 'Male', '31', 'IT', 'IT Specialist', '4', '3', '4', '4', '4');
INSERT INTO engagement_results (employee_id, employee_name, gender, age, department, job_title, satisfaction_score, work_life_balance_score, career_growth_score, communication_score, teamwork_score) VALUES ('120', 'Charlotte Hill', 'Female', '28', 'Administration', 'Administrative Assistant', '5', '4', '3', '5', '5');
INSERT INTO engagement_results (employee_id, employee_name, gender, age, department, job_title, satisfaction_score, work_life_balance_score, career_growth_score, communication_score, teamwork_score) VALUES ('121', 'Harper Collins', 'Female', '33', 'Finance', 'Accountant', '4', '3', '3', '4', '4');
INSERT INTO engagement_results (employee_id, employee_name, gender, age, department, job_title, satisfaction_score, work_life_balance_score, career_growth_score, communication_score, teamwork_score) VALUES ('122', 'Emma Adams', 'Female', '30', 'Marketing', 'Marketing Specialist', '5', '4', '3', '5', '4');
INSERT INTO engagement_results (employee_id, employee_name, gender, age, department, job_title, satisfaction_score, work_life_balance_score, career_growth_score, communication_score, teamwork_score) VALUES ('123', 'Liam Turner', 'Male', '37', 'Sales', 'Sales Representative', '4', '2', '3', '4', '3');
INSERT INTO engagement_results (employee_id, employee_name, gender, age, department, job_title, satisfaction_score, work_life_balance_score, career_growth_score, communication_score, teamwork_score) VALUES ('124', 'Olivia Harris', 'Female', '31', 'Technology', 'Software Engineer', '5', '3', '4', '5', '5');
INSERT INTO engagement_results (employee_id, employee_name, gender, age, department, job_title, satisfaction_score, work_life_balance_score, career_growth_score, communication_score, teamwork_score) VALUES ('125', 'Noah Butler', 'Male', '39', 'Human Resources', 'HR Manager', '3', '2', '2', '3', '3');
INSERT INTO engagement_results (employee_id, employee_name, gender, age, department, job_title, satisfaction_score, work_life_balance_score, career_growth_score, communication_score, teamwork_score) VALUES ('126', 'Sophia Bell', 'Female', '33', 'Operations', 'Operations Supervisor', '4', '4', '3', '4', '4');
INSERT INTO engagement_results (employee_id, employee_name, gender, age, department, job_title, satisfaction_score, work_life_balance_score, career_growth_score, communication_score, teamwork_score) VALUES ('127', 'Lucas Carter', 'Male', '28', 'Customer Service', 'Customer Service Representative', '5', '4', '4', '5', '5');
INSERT INTO engagement_results (employee_id, employee_name, gender, age, department, job_title, satisfaction_score, work_life_balance_score, career_growth_score, communication_score, teamwork_score) VALUES ('128', 'Ava Anderson', 'Female', '35', 'Product Management', 'Product Manager', '3', '3', '4', '4', '3');
INSERT INTO engagement_results (employee_id, employee_name, gender, age, department, job_title, satisfaction_score, work_life_balance_score, career_growth_score, communication_score, teamwork_score) VALUES ('129', 'James Walker', 'Male', '32', 'IT', 'IT Specialist', '4', '3', '4', '4', '4');
INSERT INTO engagement_results (employee_id, employee_name, gender, age, department, job_title, satisfaction_score, work_life_balance_score, career_growth_score, communication_score, teamwork_score) VALUES ('130', 'Olivia Richardson', 'Female', '29', 'Administration', 'Administrative Assistant', '5', '4', '3', '5', '5');
INSERT INTO engagement_results (employee_id, employee_name, gender, age, department, job_title, satisfaction_score, work_life_balance_score, career_growth_score, communication_score, teamwork_score) VALUES ('131', 'Benjamin Wright', 'Male', '34', 'Finance', 'Accountant', '4', '3', '3', '4', '4');
INSERT INTO engagement_results (employee_id, employee_name, gender, age, department, job_title, satisfaction_score, work_life_balance_score, career_growth_score, communication_score, teamwork_score) VALUES ('132', 'Sophia Rodriguez', 'Female', '31', 'Marketing', 'Marketing Specialist', '5', '4', '3', '5', '4');
INSERT INTO engagement_results (employee_id, employee_name, gender, age, department, job_title, satisfaction_score, work_life_balance_score, career_growth_score, communication_score, teamwork_score) VALUES ('133', 'Lucas Turner', 'Male', '38', 'Sales', 'Sales Representative', '4', '2', '3', '4', '3');
INSERT INTO engagement_results (employee_id, employee_name, gender, age, department, job_title, satisfaction_score, work_life_balance_score, career_growth_score, communication_score, teamwork_score) VALUES ('134', 'Emma Davis', 'Female', '32', 'Technology', 'Software Engineer', '5', '3', '4', '5', '5');
INSERT INTO engagement_results (employee_id, employee_name, gender, age, department, job_title, satisfaction_score, work_life_balance_score, career_growth_score, communication_score, teamwork_score) VALUES ('135', 'Noah Hernandez', 'Male', '40', 'Human Resources', 'HR Manager', '3', '2', '2', '3', '3');
INSERT INTO engagement_results (employee_id, employee_name, gender, age, department, job_title, satisfaction_score, work_life_balance_score, career_growth_score, communication_score, teamwork_score) VALUES ('136', 'Ava Wilson', 'Female', '34', 'Operations', 'Operations Supervisor', '4', '4', '3', '4', '4');
INSERT INTO engagement_results (employee_id, employee_name, gender, age, department, job_title, satisfaction_score, work_life_balance_score, career_growth_score, communication_score, teamwork_score) VALUES ('137', 'Liam Adams', 'Male', '29', 'Customer Service', 'Customer Service Representative', '5', '4', '4', '5', '5');
INSERT INTO engagement_results (employee_id, employee_name, gender, age, department, job_title, satisfaction_score, work_life_balance_score, career_growth_score, communication_score, teamwork_score) VALUES ('138', 'Emily Moore', 'Female', '36', 'Product Management', 'Product Manager', '3', '3', '4', '4', '3');
INSERT INTO engagement_results (employee_id, employee_name, gender, age, department, job_title, satisfaction_score, work_life_balance_score, career_growth_score, communication_score, teamwork_score) VALUES ('139', 'William Phillips', 'Male', '33', 'IT', 'IT Specialist', '4', '3', '4', '4', '4');
INSERT INTO engagement_results (employee_id, employee_name, gender, age, department, job_title, satisfaction_score, work_life_balance_score, career_growth_score, communication_score, teamwork_score) VALUES ('140', 'Sophia Anderson', 'Female', '30', 'Administration', 'Administrative Assistant', '5', '4', '3', '5', '5');
INSERT INTO engagement_results (employee_id, employee_name, gender, age, department, job_title, satisfaction_score, work_life_balance_score, career_growth_score, communication_score, teamwork_score) VALUES ('141', 'Charlotte Thompson', 'Female', '35', 'Finance', 'Accountant', '4', '3', '3', '4', '4');
INSERT INTO engagement_results (employee_id, employee_name, gender, age, department, job_title, satisfaction_score, work_life_balance_score, career_growth_score, communication_score, teamwork_score) VALUES ('142', 'Aiden Harris', 'Male', '32', 'Marketing', 'Marketing Specialist', '5', '4', '3', '5', '4');
INSERT INTO engagement_results (employee_id, employee_name, gender, age, department, job_title, satisfaction_score, work_life_balance_score, career_growth_score, communication_score, teamwork_score) VALUES ('143', 'Liam Turner', 'Male', '39', 'Sales', 'Sales Representative', '4', '2', '3', '4', '3');
INSERT INTO engagement_results (employee_id, employee_name, gender, age, department, job_title, satisfaction_score, work_life_balance_score, career_growth_score, communication_score, teamwork_score) VALUES ('144', 'Olivia Adams', 'Female', '33', 'Technology', 'Software Engineer', '5', '3', '4', '5', '5');
INSERT INTO engagement_results (employee_id, employee_name, gender, age, department, job_title, satisfaction_score, work_life_balance_score, career_growth_score, communication_score, teamwork_score) VALUES ('145', 'Noah Richardson', 'Male', '41', 'Human Resources', 'HR Manager', '3', '2', '2', '3', '3');
INSERT INTO engagement_results (employee_id, employee_name, gender, age, department, job_title, satisfaction_score, work_life_balance_score, career_growth_score, communication_score, teamwork_score) VALUES ('146', 'Sophia Walker', 'Female', '35', 'Operations', 'Operations Supervisor', '4', '4', '3', '4', '4');
INSERT INTO engagement_results (employee_id, employee_name, gender, age, department, job_title, satisfaction_score, work_life_balance_score, career_growth_score, communication_score, teamwork_score) VALUES ('147', 'Lucas Clark', 'Male', '30', 'Customer Service', 'Customer Service Representative', '5', '4', '4', '5', '5');
INSERT INTO engagement_results (employee_id, employee_name, gender, age, department, job_title, satisfaction_score, work_life_balance_score, career_growth_score, communication_score, teamwork_score) VALUES ('148', 'Emily Hill', 'Female', '37', 'Product Management', 'Product Manager', '3', '3', '4', '4', '3');
INSERT INTO engagement_results (employee_id, employee_name, gender, age, department, job_title, satisfaction_score, work_life_balance_score, career_growth_score, communication_score, teamwork_score) VALUES ('149', 'William Baker', 'Male', '34', 'IT', 'IT Specialist', '4', '3', '4', '4', '4');
INSERT INTO engagement_results (employee_id, employee_name, gender, age, department, job_title, satisfaction_score, work_life_balance_score, career_growth_score, communication_score, teamwork_score) VALUES ('150', 'Ava Gonzalez', 'Female', '31', 'Administration', 'Administrative Assistant', '5', '4', '3', '5', '5');

--
--
INSERT INTO hris (employee_id, first_name, last_name, gender, date_of_birth, "position", department, location, hire_date, termination_date, salary, email, manager_id) VALUES ('103', 'Michael', 'Davis', 'Male', '1982-11-25', 'Supply Chain Manager', 'Sales', 'Store C', '2018-11-05', NULL, '108916.59', 'michael.davis@bigcompany.com', '9999');
INSERT INTO hris (employee_id, first_name, last_name, gender, date_of_birth, "position", department, location, hire_date, termination_date, salary, email, manager_id) VALUES ('106', 'Olivia', 'Thompson', 'Female', '1984-06-18', 'Operations Manager', 'Operations', 'Store F', '2019-11-05', NULL, '119487.32', 'olivia.thompson@bigcompany.com', '9999');
INSERT INTO hris (employee_id, first_name, last_name, gender, date_of_birth, "position", department, location, hire_date, termination_date, salary, email, manager_id) VALUES ('114', 'Mia', 'Clark', 'Female', '1987-02-13', 'IT Manager', 'Technology', 'Store D', '2020-11-05', NULL, '105654.74', 'mia.clark@bigcompany.com', '9999');
INSERT INTO hris (employee_id, first_name, last_name, gender, date_of_birth, "position", department, location, hire_date, termination_date, salary, email, manager_id) VALUES ('119', 'Lucas', 'Martinez', 'Male', '1989-01-27', 'Operations Manager', 'IT', 'Store I', '2020-11-05', NULL, '118499.42', 'lucas.martinez@bigcompany.com', '9999');
INSERT INTO hris (employee_id, first_name, last_name, gender, date_of_birth, "position", department, location, hire_date, termination_date, salary, email, manager_id) VALUES ('129', 'James', 'Walker', 'Male', '1985-01-14', 'IT Manager', 'IT', 'Store I', '2020-11-05', NULL, '108302.93', 'james.walker@bigcompany.com', '9999');
INSERT INTO hris (employee_id, first_name, last_name, gender, date_of_birth, "position", department, location, hire_date, termination_date, salary, email, manager_id) VALUES ('101', 'John', 'Smith', 'Male', '1985-02-15', 'Marketing Analyst', 'Finance', 'Store A', '2020-11-05', NULL, '91399.27', 'john.smith@bigcompany.com', '129');
INSERT INTO hris (employee_id, first_name, last_name, gender, date_of_birth, "position", department, location, hire_date, termination_date, salary, email, manager_id) VALUES ('102', 'Sarah', 'Johnson', 'Female', '1990-07-10', 'Senior Analyst', 'Marketing', 'Store B', '2022-11-05', NULL, '93076.14', 'sarah.johnson@bigcompany.com', '129');
INSERT INTO hris (employee_id, first_name, last_name, gender, date_of_birth, "position", department, location, hire_date, termination_date, salary, email, manager_id) VALUES ('104', 'Emily', 'Wilson', 'Female', '1987-04-03', 'HR Assistant', 'Technology', 'Store D', '2021-11-05', NULL, '60000.00', 'emily.wilson@bigcompany.com', '129');
INSERT INTO hris (employee_id, first_name, last_name, gender, date_of_birth, "position", department, location, hire_date, termination_date, salary, email, manager_id) VALUES ('105', 'Robert', 'Anderson', 'Male', '1979-09-12', 'Graphic Designer', 'Human Resources', 'Store E', '2017-11-05', NULL, '78438.93', 'robert.anderson@bigcompany.com', '129');
INSERT INTO hris (employee_id, first_name, last_name, gender, date_of_birth, "position", department, location, hire_date, termination_date, salary, email, manager_id) VALUES ('107', 'David', 'Martinez', 'Male', '1992-03-05', 'Graphic Designer', 'Customer Service', 'Store G', '2023-11-05', NULL, '78909.72', 'david.martinez@bigcompany.com', '129');
INSERT INTO hris (employee_id, first_name, last_name, gender, date_of_birth, "position", department, location, hire_date, termination_date, salary, email, manager_id) VALUES ('108', 'Sophia', 'Lee', 'Female', '1989-08-20', 'Graphic Designer', 'Product Management', 'Store H', '2020-11-05', NULL, '79096.09', 'sophia.lee@bigcompany.com', '129');
INSERT INTO hris (employee_id, first_name, last_name, gender, date_of_birth, "position", department, location, hire_date, termination_date, salary, email, manager_id) VALUES ('109', 'James', 'Rodriguez', 'Male', '1986-01-10', 'HR Coordinator', 'IT', 'Store I', '2021-11-05', NULL, '60000.00', 'james.rodriguez@bigcompany.com', '129');
INSERT INTO hris (employee_id, first_name, last_name, gender, date_of_birth, "position", department, location, hire_date, termination_date, salary, email, manager_id) VALUES ('110', 'Emma', 'Taylor', 'Female', '1993-10-28', 'Software Engineer', 'Administration', 'Store J', '2022-11-05', NULL, '91630.44', 'emma.taylor@bigcompany.com', '129');
INSERT INTO hris (employee_id, first_name, last_name, gender, date_of_birth, "position", department, location, hire_date, termination_date, salary, email, manager_id) VALUES ('111', 'William', 'Hernandez', 'Male', '1988-05-07', 'Senior Analyst', 'Finance', 'Store A', '2019-11-05', NULL, '92256.77', 'william.hernandez@bigcompany.com', '129');
INSERT INTO hris (employee_id, first_name, last_name, gender, date_of_birth, "position", department, location, hire_date, termination_date, salary, email, manager_id) VALUES ('112', 'Isabella', 'Moore', 'Female', '1991-12-22', 'HR Coordinator', 'Marketing', 'Store B', '2021-11-05', NULL, '60000.00', 'isabella.moore@bigcompany.com', '129');
INSERT INTO hris (employee_id, first_name, last_name, gender, date_of_birth, "position", department, location, hire_date, termination_date, salary, email, manager_id) VALUES ('113', 'Aiden', 'Brown', 'Male', '1983-07-31', 'HR Specialist', 'Sales', 'Store C', '2018-11-05', NULL, '73865.26', 'aiden.brown@bigcompany.com', '129');
INSERT INTO hris (employee_id, first_name, last_name, gender, date_of_birth, "position", department, location, hire_date, termination_date, salary, email, manager_id) VALUES ('117', 'Noah', 'Baker', 'Male', '1995-09-19', 'Marketing Coordinator', 'Customer Service', 'Store G', '2022-11-05', '2027-11-05', '71969.89', 'noah.baker@bigcompany.com', '129');
INSERT INTO hris (employee_id, first_name, last_name, gender, date_of_birth, "position", department, location, hire_date, termination_date, salary, email, manager_id) VALUES ('124', 'Olivia', 'Harris', 'Female', '1990-12-09', 'Operations Analyst', 'Technology', 'Store D', '2020-11-05', '2024-11-05', '76276.88', 'olivia.harris@bigcompany.com', '129');
INSERT INTO hris (employee_id, first_name, last_name, gender, date_of_birth, "position", department, location, hire_date, termination_date, salary, email, manager_id) VALUES ('115', 'Liam', 'Lewis', 'Male', '1975-11-05', 'HR Specialist', 'Human Resources', 'Store E', '2016-11-05', NULL, '76949.79', 'liam.lewis@bigcompany.com', '129');
INSERT INTO hris (employee_id, first_name, last_name, gender, date_of_birth, "position", department, location, hire_date, termination_date, salary, email, manager_id) VALUES ('116', 'Sofia', 'Green', 'Female', '1988-04-08', 'Graphic Designer', 'Operations', 'Store F', '2018-11-05', NULL, '79772.13', 'sofia.green@bigcompany.com', '129');
INSERT INTO hris (employee_id, first_name, last_name, gender, date_of_birth, "position", department, location, hire_date, termination_date, salary, email, manager_id) VALUES ('118', 'Ava', 'Gonzalez', 'Female', '1992-06-16', 'Marketing Coordinator', 'Product Management', 'Store H', '2019-11-05', NULL, '75109.42', 'ava.gonzalez@bigcompany.com', '129');
INSERT INTO hris (employee_id, first_name, last_name, gender, date_of_birth, "position", department, location, hire_date, termination_date, salary, email, manager_id) VALUES ('120', 'Charlotte', 'Hill', 'Female', '1994-08-14', 'Financial Controller', 'Administration', 'Store J', '2021-11-05', NULL, '120000.00', 'charlotte.hill@bigcompany.com', '129');
INSERT INTO hris (employee_id, first_name, last_name, gender, date_of_birth, "position", department, location, hire_date, termination_date, salary, email, manager_id) VALUES ('121', 'Harper', 'Collins', 'Female', '1991-03-30', 'Graphic Designer', 'Finance', 'Store A', '2019-11-05', NULL, '75604.20', 'harper.collins@bigcompany.com', '129');
INSERT INTO hris (employee_id, first_name, last_name, gender, date_of_birth, "position", department, location, hire_date, termination_date, salary, email, manager_id) VALUES ('122', 'Emma', 'Adams', 'Female', '1988-10-23', 'HR Specialist', 'Marketing', 'Store B', '2021-11-05', NULL, '79149.06', 'emma.adams@bigcompany.com', '129');
INSERT INTO hris (employee_id, first_name, last_name, gender, date_of_birth, "position", department, location, hire_date, termination_date, salary, email, manager_id) VALUES ('123', 'Liam', 'Turner', 'Male', '1985-05-16', 'Marketing Analyst', 'Sales', 'Store C', '2017-11-05', NULL, '90612.85', 'liam.turner@bigcompany.com', '129');
INSERT INTO hris (employee_id, first_name, last_name, gender, date_of_birth, "position", department, location, hire_date, termination_date, salary, email, manager_id) VALUES ('125', 'Noah', 'Butler', 'Male', '1978-09-02', 'IT Support Specialist', 'Human Resources', 'Store E', '2016-11-05', NULL, '60000.00', 'noah.butler@bigcompany.com', '129');
INSERT INTO hris (employee_id, first_name, last_name, gender, date_of_birth, "position", department, location, hire_date, termination_date, salary, email, manager_id) VALUES ('126', 'Sophia', 'Bell', 'Female', '1983-04-25', 'Operations Supervisor', 'Operations', 'Store F', '2018-11-05', NULL, '88138.44', 'sophia.bell@bigcompany.com', '129');
INSERT INTO hris (employee_id, first_name, last_name, gender, date_of_birth, "position", department, location, hire_date, termination_date, salary, email, manager_id) VALUES ('127', 'Lucas', 'Carter', 'Male', '1991-11-18', 'Operations Analyst', 'Customer Service', 'Store G', '2022-11-05', NULL, '77329.71', 'lucas.carter@bigcompany.com', '129');
INSERT INTO hris (employee_id, first_name, last_name, gender, date_of_birth, "position", department, location, hire_date, termination_date, salary, email, manager_id) VALUES ('132', 'Sophia', 'Rodriguez', 'Female', '1994-12-24', 'Operations Manager', 'Marketing', 'Store B', '2020-11-05', '2022-11-05', '120000.00', 'sophia.rodriguez@bigcompany.com', '9999');
INSERT INTO hris (employee_id, first_name, last_name, gender, date_of_birth, "position", department, location, hire_date, termination_date, salary, email, manager_id) VALUES ('133', 'Lucas', 'Turner', 'Male', '1989-07-06', 'Operations Manager', 'Sales', 'Store C', '2017-11-05', NULL, '120000.00', 'lucas.turner@bigcompany.com', '9999');
INSERT INTO hris (employee_id, first_name, last_name, gender, date_of_birth, "position", department, location, hire_date, termination_date, salary, email, manager_id) VALUES ('137', 'Liam', 'Adams', 'Male', '1995-11-15', 'Marketing Manager', 'Customer Service', 'Store G', '2021-11-05', NULL, '109861.53', 'liam.adams@bigcompany.com', '9999');
INSERT INTO hris (employee_id, first_name, last_name, gender, date_of_birth, "position", department, location, hire_date, termination_date, salary, email, manager_id) VALUES ('146', 'Sophia', 'Walker', 'Female', '1988-12-01', 'Manager', 'Operations', 'Store F', '2018-11-05', NULL, '108027.56', 'sophia.walker@bigcompany.com', '9999');
INSERT INTO hris (employee_id, first_name, last_name, gender, date_of_birth, "position", department, location, hire_date, termination_date, salary, email, manager_id) VALUES ('147', 'Lucas', 'Clark', 'Male', '1996-09-14', 'Manager', 'Customer Service', 'Store G', '2021-11-05', NULL, '104426.49', 'lucas.clark@bigcompany.com', '9999');
INSERT INTO hris (employee_id, first_name, last_name, gender, date_of_birth, "position", department, location, hire_date, termination_date, salary, email, manager_id) VALUES ('142', 'Aiden', 'Harris', 'Male', '1984-08-24', 'Marketing Analyst', 'Marketing', 'Store B', '2020-11-05', '2025-11-05', '87766.77', 'aiden.harris@bigcompany.com', '129');
INSERT INTO hris (employee_id, first_name, last_name, gender, date_of_birth, "position", department, location, hire_date, termination_date, salary, email, manager_id) VALUES ('128', 'Ava', 'Anderson', 'Female', '1988-06-11', 'Financial Planner', 'Product Management', 'Store H', '2019-11-05', NULL, '92309.50', 'ava.anderson@bigcompany.com', '129');
INSERT INTO hris (employee_id, first_name, last_name, gender, date_of_birth, "position", department, location, hire_date, termination_date, salary, email, manager_id) VALUES ('130', 'Olivia', 'Richardson', 'Female', '1992-10-17', 'Database Administrator', 'Administration', 'Store J', '2021-11-05', NULL, '88968.06', 'olivia.richardson@bigcompany.com', '129');
INSERT INTO hris (employee_id, first_name, last_name, gender, date_of_birth, "position", department, location, hire_date, termination_date, salary, email, manager_id) VALUES ('131', 'Benjamin', 'Wright', 'Male', '1987-05-01', 'HR Specialist', 'Finance', 'Store A', '2019-11-05', NULL, '71072.44', 'benjamin.wright@bigcompany.com', '129');
INSERT INTO hris (employee_id, first_name, last_name, gender, date_of_birth, "position", department, location, hire_date, termination_date, salary, email, manager_id) VALUES ('134', 'Emma', 'Davis', 'Female', '1992-02-29', 'Software Developer', 'Technology', 'Store D', '2019-11-05', NULL, '93810.72', 'emma.davis@bigcompany.com', '129');
INSERT INTO hris (employee_id, first_name, last_name, gender, date_of_birth, "position", department, location, hire_date, termination_date, salary, email, manager_id) VALUES ('135', 'Noah', 'Hernandez', 'Male', '1983-09-10', 'HR Coordinator', 'Human Resources', 'Store E', '2016-11-05', NULL, '64443.19', 'noah.hernandez@bigcompany.com', '129');
INSERT INTO hris (employee_id, first_name, last_name, gender, date_of_birth, "position", department, location, hire_date, termination_date, salary, email, manager_id) VALUES ('136', 'Ava', 'Wilson', 'Female', '1988-04-02', 'Software Engineer', 'Operations', 'Store F', '2018-11-05', NULL, '85746.38', 'ava.wilson@bigcompany.com', '129');
INSERT INTO hris (employee_id, first_name, last_name, gender, date_of_birth, "position", department, location, hire_date, termination_date, salary, email, manager_id) VALUES ('138', 'Emily', 'Moore', 'Female', '1990-06-29', 'Financial Controller', 'Product Management', 'Store H', '2019-11-05', NULL, '120000.00', 'emily.moore@bigcompany.com', '129');
INSERT INTO hris (employee_id, first_name, last_name, gender, date_of_birth, "position", department, location, hire_date, termination_date, salary, email, manager_id) VALUES ('139', 'William', 'Phillips', 'Male', '1987-01-09', 'Marketing Analyst', 'IT', 'Store I', '2020-11-05', NULL, '89612.13', 'william.phillips@bigcompany.com', '129');
INSERT INTO hris (employee_id, first_name, last_name, gender, date_of_birth, "position", department, location, hire_date, termination_date, salary, email, manager_id) VALUES ('140', 'Sophia', 'Anderson', 'Female', '1994-10-26', 'Operations Analyst', 'Administration', 'Store J', '2021-11-05', NULL, '74196.97', 'sophia.anderson@bigcompany.com', '129');
INSERT INTO hris (employee_id, first_name, last_name, gender, date_of_birth, "position", department, location, hire_date, termination_date, salary, email, manager_id) VALUES ('141', 'Charlotte', 'Thompson', 'Female', '1989-03-11', 'Software Developer', 'Finance', 'Store A', '2019-11-05', NULL, '89141.81', 'charlotte.thompson@bigcompany.com', '129');
INSERT INTO hris (employee_id, first_name, last_name, gender, date_of_birth, "position", department, location, hire_date, termination_date, salary, email, manager_id) VALUES ('143', 'Liam', 'Turner', 'Male', '1981-05-02', 'HR Coordinator', 'Sales', 'Store C', '2017-11-05', NULL, '64034.46', 'liam.turner@bigcompany.com', '129');
INSERT INTO hris (employee_id, first_name, last_name, gender, date_of_birth, "position", department, location, hire_date, termination_date, salary, email, manager_id) VALUES ('144', 'Olivia', 'Adams', 'Female', '1986-10-05', 'Operations Coordinator', 'Technology', 'Store D', '2019-11-05', NULL, '64695.43', 'olivia.adams@bigcompany.com', '129');
INSERT INTO hris (employee_id, first_name, last_name, gender, date_of_birth, "position", department, location, hire_date, termination_date, salary, email, manager_id) VALUES ('149', 'William', 'Baker', 'Male', '1988-01-30', 'Marketing Analyst', 'IT', 'Store I', '2020-11-05', NULL, '94081.12', 'william.baker@bigcompany.com', '129');
INSERT INTO hris (employee_id, first_name, last_name, gender, date_of_birth, "position", department, location, hire_date, termination_date, salary, email, manager_id) VALUES ('145', 'Noah', 'Richardson', 'Male', '1979-07-18', 'HR Assistant', 'Human Resources', 'Store E', '2016-11-05', NULL, '60392.68', 'noah.richardson@bigcompany.com', '129');
INSERT INTO hris (employee_id, first_name, last_name, gender, date_of_birth, "position", department, location, hire_date, termination_date, salary, email, manager_id) VALUES ('148', 'Emily', 'Hill', 'Female', '1991-06-27', 'Financial Analyst', 'Product Management', 'Store H', '2019-11-05', NULL, '73202.39', 'emily.hill@bigcompany.com', '129');
INSERT INTO hris (employee_id, first_name, last_name, gender, date_of_birth, "position", department, location, hire_date, termination_date, salary, email, manager_id) VALUES ('150', 'Ava', 'Gonzalez', 'Female', '1985-10-13', 'Software Engineer', 'Administration', 'Store J', '2021-11-05', NULL, '93088.55', 'ava.gonzalez@bigcompany.com', '129');
INSERT INTO hris (employee_id, first_name, last_name, gender, date_of_birth, "position", department, location, hire_date, termination_date, salary, email, manager_id) VALUES ('9999', 'Alex', 'Director', 'Nonbinary', '1970-01-01', 'Director', 'Executive', 'Head Office', '2015-12-02', NULL, '200000.00', 'alex.director@example.com', NULL);

--
--

--
--
INSERT INTO learning_management (employee_id, employee_name, course_id, course_name, completion_date, completion_status) VALUES ('101', 'John Smith', 'C001', 'Introduction to Leadership', '2022-05-10', 'Completed');
INSERT INTO learning_management (employee_id, employee_name, course_id, course_name, completion_date, completion_status) VALUES ('102', 'Sarah Johnson', 'C002', 'Effective Communication Skills', '2022-06-15', 'Completed');
INSERT INTO learning_management (employee_id, employee_name, course_id, course_name, completion_date, completion_status) VALUES ('103', 'Michael Davis', 'C003', 'Project Management Fundamentals', '2022-04-20', 'Completed');
INSERT INTO learning_management (employee_id, employee_name, course_id, course_name, completion_date, completion_status) VALUES ('104', 'Emily Wilson', 'C001', 'Introduction to Leadership', '2022-05-12', 'Completed');
INSERT INTO learning_management (employee_id, employee_name, course_id, course_name, completion_date, completion_status) VALUES ('105', 'Robert Anderson', 'C004', 'Time Management Strategies', '2022-07-02', 'Completed');
INSERT INTO learning_management (employee_id, employee_name, course_id, course_name, completion_date, completion_status) VALUES ('106', 'Olivia Thompson', 'C002', 'Effective Communication Skills', '2022-06-17', 'Completed');
INSERT INTO learning_management (employee_id, employee_name, course_id, course_name, completion_date, completion_status) VALUES ('107', 'David Martinez', 'C005', 'Data Analysis Techniques', '2022-03-25', 'Completed');
INSERT INTO learning_management (employee_id, employee_name, course_id, course_name, completion_date, completion_status) VALUES ('108', 'Sophia Lee', 'C006', 'Teamwork and Collaboration', '2022-04-30', 'Completed');
INSERT INTO learning_management (employee_id, employee_name, course_id, course_name, completion_date, completion_status) VALUES ('109', 'James Rodriguez', 'C003', 'Project Management Fundamentals', '2022-05-18', 'Completed');
INSERT INTO learning_management (employee_id, employee_name, course_id, course_name, completion_date, completion_status) VALUES ('110', 'Emma Taylor', 'C007', 'Conflict Resolution Strategies', '2022-07-10', 'Completed');
INSERT INTO learning_management (employee_id, employee_name, course_id, course_name, completion_date, completion_status) VALUES ('111', 'William Hernandez', 'C008', 'Strategic Thinking and Planning', '2022-05-05', 'Completed');
INSERT INTO learning_management (employee_id, employee_name, course_id, course_name, completion_date, completion_status) VALUES ('112', 'Isabella Moore', 'C002', 'Effective Communication Skills', '2022-06-20', 'Completed');
INSERT INTO learning_management (employee_id, employee_name, course_id, course_name, completion_date, completion_status) VALUES ('113', 'Aiden Brown', 'C001', 'Introduction to Leadership', '2022-05-15', 'Completed');
INSERT INTO learning_management (employee_id, employee_name, course_id, course_name, completion_date, completion_status) VALUES ('114', 'Mia Clark', 'C009', 'Problem-Solving Techniques', '2022-07-05', 'Completed');
INSERT INTO learning_management (employee_id, employee_name, course_id, course_name, completion_date, completion_status) VALUES ('115', 'Liam Lewis', 'C010', 'Ethical Decision Making', '2022-06-30', 'Completed');
INSERT INTO learning_management (employee_id, employee_name, course_id, course_name, completion_date, completion_status) VALUES ('116', 'Sofia Green', 'C006', 'Teamwork and Collaboration', '2022-05-08', 'Completed');
INSERT INTO learning_management (employee_id, employee_name, course_id, course_name, completion_date, completion_status) VALUES ('117', 'Noah Baker', 'C003', 'Project Management Fundamentals', '2022-06-22', 'Completed');
INSERT INTO learning_management (employee_id, employee_name, course_id, course_name, completion_date, completion_status) VALUES ('118', 'Ava Gonzalez', 'C011', 'Innovation and Creativity', '2022-07-15', 'Completed');
INSERT INTO learning_management (employee_id, employee_name, course_id, course_name, completion_date, completion_status) VALUES ('119', 'Lucas Martinez', 'C012', 'Change Management Strategies', '2022-04-25', 'Completed');
INSERT INTO learning_management (employee_id, employee_name, course_id, course_name, completion_date, completion_status) VALUES ('120', 'Charlotte Hill', 'C002', 'Effective Communication Skills', '2022-06-25', 'Completed');
INSERT INTO learning_management (employee_id, employee_name, course_id, course_name, completion_date, completion_status) VALUES ('121', 'Harper Collins', 'C001', 'Introduction to Leadership', '2022-05-20', 'Completed');
INSERT INTO learning_management (employee_id, employee_name, course_id, course_name, completion_date, completion_status) VALUES ('122', 'Emma Adams', 'C003', 'Project Management Fundamentals', '2022-05-28', 'Completed');
INSERT INTO learning_management (employee_id, employee_name, course_id, course_name, completion_date, completion_status) VALUES ('123', 'Liam Turner', 'C006', 'Teamwork and Collaboration', '2022-06-05', 'Completed');
INSERT INTO learning_management (employee_id, employee_name, course_id, course_name, completion_date, completion_status) VALUES ('124', 'Olivia Harris', 'C009', 'Problem-Solving Techniques', '2022-07-08', 'Completed');
INSERT INTO learning_management (employee_id, employee_name, course_id, course_name, completion_date, completion_status) VALUES ('125', 'Noah Butler', 'C013', 'Leadership in a Global Context', '2022-05-30', 'Completed');
INSERT INTO learning_management (employee_id, employee_name, course_id, course_name, completion_date, completion_status) VALUES ('126', 'Sophia Bell', 'C001', 'Introduction to Leadership', '2022-05-18', 'Completed');
INSERT INTO learning_management (employee_id, employee_name, course_id, course_name, completion_date, completion_status) VALUES ('127', 'Lucas Carter', 'C002', 'Effective Communication Skills', '2022-06-30', 'Completed');
INSERT INTO learning_management (employee_id, employee_name, course_id, course_name, completion_date, completion_status) VALUES ('128', 'Ava Anderson', 'C010', 'Ethical Decision Making', '2022-07-03', 'Completed');
INSERT INTO learning_management (employee_id, employee_name, course_id, course_name, completion_date, completion_status) VALUES ('129', 'James Walker', 'C006', 'Teamwork and Collaboration', '2022-06-08', 'Completed');
INSERT INTO learning_management (employee_id, employee_name, course_id, course_name, completion_date, completion_status) VALUES ('130', 'Olivia Richardson', 'C003', 'Project Management Fundamentals', '2022-05-22', 'Completed');
INSERT INTO learning_management (employee_id, employee_name, course_id, course_name, completion_date, completion_status) VALUES ('131', 'Benjamin Wright', 'C014', 'Strategic Leadership', '2022-07-12', 'Completed');
INSERT INTO learning_management (employee_id, employee_name, course_id, course_name, completion_date, completion_status) VALUES ('132', 'Sophia Rodriguez', 'C002', 'Effective Communication Skills', '2022-06-17', 'Completed');
INSERT INTO learning_management (employee_id, employee_name, course_id, course_name, completion_date, completion_status) VALUES ('133', 'Lucas Turner', 'C015', 'Inclusive Leadership', '2022-05-05', 'Completed');
INSERT INTO learning_management (employee_id, employee_name, course_id, course_name, completion_date, completion_status) VALUES ('134', 'Emma Davis', 'C001', 'Introduction to Leadership', '2022-05-15', 'Completed');
INSERT INTO learning_management (employee_id, employee_name, course_id, course_name, completion_date, completion_status) VALUES ('135', 'Noah Hernandez', 'C003', 'Project Management Fundamentals', '2022-05-28', 'Completed');
INSERT INTO learning_management (employee_id, employee_name, course_id, course_name, completion_date, completion_status) VALUES ('136', 'Ava Wilson', 'C006', 'Teamwork and Collaboration', '2022-06-05', 'Completed');
INSERT INTO learning_management (employee_id, employee_name, course_id, course_name, completion_date, completion_status) VALUES ('137', 'Liam Adams', 'C016', 'Change Leadership', '2022-07-15', 'Completed');
INSERT INTO learning_management (employee_id, employee_name, course_id, course_name, completion_date, completion_status) VALUES ('138', 'Emily Moore', 'C009', 'Problem-Solving Techniques', '2022-07-08', 'Completed');
INSERT INTO learning_management (employee_id, employee_name, course_id, course_name, completion_date, completion_status) VALUES ('139', 'William Phillips', 'C017', 'Leadership Communication', '2022-06-30', 'Completed');
INSERT INTO learning_management (employee_id, employee_name, course_id, course_name, completion_date, completion_status) VALUES ('140', 'Sophia Anderson', 'C010', 'Ethical Decision Making', '2022-07-03', 'Completed');
INSERT INTO learning_management (employee_id, employee_name, course_id, course_name, completion_date, completion_status) VALUES ('141', 'Charlotte Thompson', 'C002', 'Effective Communication Skills', '2022-06-20', 'Completed');
INSERT INTO learning_management (employee_id, employee_name, course_id, course_name, completion_date, completion_status) VALUES ('142', 'Aiden Harris', 'C001', 'Introduction to Leadership', '2022-05-18', 'Completed');
INSERT INTO learning_management (employee_id, employee_name, course_id, course_name, completion_date, completion_status) VALUES ('143', 'Liam Turner', 'C003', 'Project Management Fundamentals', '2022-05-22', 'Completed');
INSERT INTO learning_management (employee_id, employee_name, course_id, course_name, completion_date, completion_status) VALUES ('144', 'Olivia Adams', 'C006', 'Teamwork and Collaboration', '2022-06-08', 'Completed');
INSERT INTO learning_management (employee_id, employee_name, course_id, course_name, completion_date, completion_status) VALUES ('145', 'Noah Richardson', 'C018', 'Emotional Intelligence in Leadership', '2022-07-20', 'Completed');
INSERT INTO learning_management (employee_id, employee_name, course_id, course_name, completion_date, completion_status) VALUES ('146', 'Sophia Walker', 'C019', 'Leadership Development Strategies', '2022-06-10', 'Completed');
INSERT INTO learning_management (employee_id, employee_name, course_id, course_name, completion_date, completion_status) VALUES ('147', 'Lucas Clark', 'C002', 'Effective Communication Skills', '2022-06-17', 'Completed');
INSERT INTO learning_management (employee_id, employee_name, course_id, course_name, completion_date, completion_status) VALUES ('148', 'Emily Hill', 'C006', 'Teamwork and Collaboration', '2022-06-05', 'Completed');
INSERT INTO learning_management (employee_id, employee_name, course_id, course_name, completion_date, completion_status) VALUES ('149', 'William Baker', 'C009', 'Problem-Solving Techniques', '2022-07-08', 'Completed');
INSERT INTO learning_management (employee_id, employee_name, course_id, course_name, completion_date, completion_status) VALUES ('150', 'Ava Gonzalez', 'C020', 'Strategic Talent Management', '2022-07-25', 'Completed');
INSERT INTO learning_management (employee_id, employee_name, course_id, course_name, completion_date, completion_status) VALUES ('101', 'John Smith', 'C001', 'Introduction to Leadership', '2022-05-10', 'Completed');
INSERT INTO learning_management (employee_id, employee_name, course_id, course_name, completion_date, completion_status) VALUES ('102', 'Sarah Johnson', 'C002', 'Effective Communication Skills', '2022-06-15', 'Completed');
INSERT INTO learning_management (employee_id, employee_name, course_id, course_name, completion_date, completion_status) VALUES ('103', 'Michael Davis', 'C003', 'Project Management Fundamentals', '2022-04-20', 'Completed');
INSERT INTO learning_management (employee_id, employee_name, course_id, course_name, completion_date, completion_status) VALUES ('104', 'Emily Wilson', 'C001', 'Introduction to Leadership', '2022-05-12', 'Completed');
INSERT INTO learning_management (employee_id, employee_name, course_id, course_name, completion_date, completion_status) VALUES ('105', 'Robert Anderson', 'C004', 'Time Management Strategies', '2022-07-02', 'Completed');
INSERT INTO learning_management (employee_id, employee_name, course_id, course_name, completion_date, completion_status) VALUES ('106', 'Olivia Thompson', 'C002', 'Effective Communication Skills', '2022-06-17', 'Completed');
INSERT INTO learning_management (employee_id, employee_name, course_id, course_name, completion_date, completion_status) VALUES ('107', 'David Martinez', 'C005', 'Data Analysis Techniques', '2022-03-25', 'Completed');
INSERT INTO learning_management (employee_id, employee_name, course_id, course_name, completion_date, completion_status) VALUES ('108', 'Sophia Lee', 'C006', 'Teamwork and Collaboration', '2022-04-30', 'Completed');
INSERT INTO learning_management (employee_id, employee_name, course_id, course_name, completion_date, completion_status) VALUES ('109', 'James Rodriguez', 'C003', 'Project Management Fundamentals', '2022-05-18', 'Completed');
INSERT INTO learning_management (employee_id, employee_name, course_id, course_name, completion_date, completion_status) VALUES ('110', 'Emma Taylor', 'C007', 'Conflict Resolution Strategies', '2022-07-10', 'Completed');
INSERT INTO learning_management (employee_id, employee_name, course_id, course_name, completion_date, completion_status) VALUES ('111', 'William Hernandez', 'C008', 'Strategic Thinking and Planning', '2022-05-05', 'Completed');
INSERT INTO learning_management (employee_id, employee_name, course_id, course_name, completion_date, completion_status) VALUES ('112', 'Isabella Moore', 'C002', 'Effective Communication Skills', '2022-06-20', 'Completed');
INSERT INTO learning_management (employee_id, employee_name, course_id, course_name, completion_date, completion_status) VALUES ('113', 'Aiden Brown', 'C001', 'Introduction to Leadership', '2022-05-15', 'Completed');
INSERT INTO learning_management (employee_id, employee_name, course_id, course_name, completion_date, completion_status) VALUES ('114', 'Mia Clark', 'C009', 'Problem-Solving Techniques', '2022-07-05', 'Completed');
INSERT INTO learning_management (employee_id, employee_name, course_id, course_name, completion_date, completion_status) VALUES ('115', 'Liam Lewis', 'C010', 'Ethical Decision Making', '2022-06-30', 'Completed');
INSERT INTO learning_management (employee_id, employee_name, course_id, course_name, completion_date, completion_status) VALUES ('116', 'Sofia Green', 'C006', 'Teamwork and Collaboration', '2022-05-08', 'Completed');
INSERT INTO learning_management (employee_id, employee_name, course_id, course_name, completion_date, completion_status) VALUES ('117', 'Noah Baker', 'C003', 'Project Management Fundamentals', '2022-06-22', 'Completed');
INSERT INTO learning_management (employee_id, employee_name, course_id, course_name, completion_date, completion_status) VALUES ('118', 'Ava Gonzalez', 'C011', 'Innovation and Creativity', '2022-07-15', 'Completed');
INSERT INTO learning_management (employee_id, employee_name, course_id, course_name, completion_date, completion_status) VALUES ('119', 'Lucas Martinez', 'C012', 'Change Management Strategies', '2022-04-25', 'Completed');
INSERT INTO learning_management (employee_id, employee_name, course_id, course_name, completion_date, completion_status) VALUES ('120', 'Charlotte Hill', 'C002', 'Effective Communication Skills', '2022-06-25', 'Completed');
INSERT INTO learning_management (employee_id, employee_name, course_id, course_name, completion_date, completion_status) VALUES ('121', 'Harper Collins', 'C001', 'Introduction to Leadership', '2022-05-20', 'Completed');
INSERT INTO learning_management (employee_id, employee_name, course_id, course_name, completion_date, completion_status) VALUES ('122', 'Emma Adams', 'C003', 'Project Management Fundamentals', '2022-05-28', 'Completed');
INSERT INTO learning_management (employee_id, employee_name, course_id, course_name, completion_date, completion_status) VALUES ('123', 'Liam Turner', 'C006', 'Teamwork and Collaboration', '2022-06-05', 'Completed');
INSERT INTO learning_management (employee_id, employee_name, course_id, course_name, completion_date, completion_status) VALUES ('124', 'Olivia Harris', 'C009', 'Problem-Solving Techniques', '2022-07-08', 'Completed');
INSERT INTO learning_management (employee_id, employee_name, course_id, course_name, completion_date, completion_status) VALUES ('125', 'Noah Butler', 'C013', 'Leadership in a Global Context', '2022-05-30', 'Completed');
INSERT INTO learning_management (employee_id, employee_name, course_id, course_name, completion_date, completion_status) VALUES ('126', 'Sophia Bell', 'C001', 'Introduction to Leadership', '2022-05-18', 'Completed');
INSERT INTO learning_management (employee_id, employee_name, course_id, course_name, completion_date, completion_status) VALUES ('127', 'Lucas Carter', 'C002', 'Effective Communication Skills', '2022-06-30', 'Completed');
INSERT INTO learning_management (employee_id, employee_name, course_id, course_name, completion_date, completion_status) VALUES ('128', 'Ava Anderson', 'C010', 'Ethical Decision Making', '2022-07-03', 'Completed');
INSERT INTO learning_management (employee_id, employee_name, course_id, course_name, completion_date, completion_status) VALUES ('129', 'James Walker', 'C006', 'Teamwork and Collaboration', '2022-06-08', 'Completed');
INSERT INTO learning_management (employee_id, employee_name, course_id, course_name, completion_date, completion_status) VALUES ('130', 'Olivia Richardson', 'C003', 'Project Management Fundamentals', '2022-05-22', 'Completed');
INSERT INTO learning_management (employee_id, employee_name, course_id, course_name, completion_date, completion_status) VALUES ('131', 'Benjamin Wright', 'C014', 'Strategic Leadership', '2022-07-12', 'Completed');
INSERT INTO learning_management (employee_id, employee_name, course_id, course_name, completion_date, completion_status) VALUES ('132', 'Sophia Rodriguez', 'C002', 'Effective Communication Skills', '2022-06-17', 'Completed');
INSERT INTO learning_management (employee_id, employee_name, course_id, course_name, completion_date, completion_status) VALUES ('133', 'Lucas Turner', 'C015', 'Inclusive Leadership', '2022-05-05', 'Completed');
INSERT INTO learning_management (employee_id, employee_name, course_id, course_name, completion_date, completion_status) VALUES ('134', 'Emma Davis', 'C001', 'Introduction to Leadership', '2022-05-15', 'Completed');
INSERT INTO learning_management (employee_id, employee_name, course_id, course_name, completion_date, completion_status) VALUES ('135', 'Noah Hernandez', 'C003', 'Project Management Fundamentals', '2022-05-28', 'Completed');
INSERT INTO learning_management (employee_id, employee_name, course_id, course_name, completion_date, completion_status) VALUES ('136', 'Ava Wilson', 'C006', 'Teamwork and Collaboration', '2022-06-05', 'Completed');
INSERT INTO learning_management (employee_id, employee_name, course_id, course_name, completion_date, completion_status) VALUES ('137', 'Liam Adams', 'C016', 'Change Leadership', '2022-07-15', 'Completed');
INSERT INTO learning_management (employee_id, employee_name, course_id, course_name, completion_date, completion_status) VALUES ('138', 'Emily Moore', 'C009', 'Problem-Solving Techniques', '2022-07-08', 'Completed');
INSERT INTO learning_management (employee_id, employee_name, course_id, course_name, completion_date, completion_status) VALUES ('139', 'William Phillips', 'C017', 'Leadership Communication', '2022-06-30', 'Completed');
INSERT INTO learning_management (employee_id, employee_name, course_id, course_name, completion_date, completion_status) VALUES ('140', 'Sophia Anderson', 'C010', 'Ethical Decision Making', '2022-07-03', 'Completed');
INSERT INTO learning_management (employee_id, employee_name, course_id, course_name, completion_date, completion_status) VALUES ('141', 'Charlotte Thompson', 'C002', 'Effective Communication Skills', '2022-06-20', 'Completed');
INSERT INTO learning_management (employee_id, employee_name, course_id, course_name, completion_date, completion_status) VALUES ('142', 'Aiden Harris', 'C001', 'Introduction to Leadership', '2022-05-18', 'Completed');
INSERT INTO learning_management (employee_id, employee_name, course_id, course_name, completion_date, completion_status) VALUES ('143', 'Liam Turner', 'C003', 'Project Management Fundamentals', '2022-05-22', 'Completed');
INSERT INTO learning_management (employee_id, employee_name, course_id, course_name, completion_date, completion_status) VALUES ('144', 'Olivia Adams', 'C006', 'Teamwork and Collaboration', '2022-06-08', 'Completed');
INSERT INTO learning_management (employee_id, employee_name, course_id, course_name, completion_date, completion_status) VALUES ('145', 'Noah Richardson', 'C018', 'Emotional Intelligence in Leadership', '2022-07-20', 'Completed');
INSERT INTO learning_management (employee_id, employee_name, course_id, course_name, completion_date, completion_status) VALUES ('146', 'Sophia Walker', 'C019', 'Leadership Development Strategies', '2022-06-10', 'Completed');
INSERT INTO learning_management (employee_id, employee_name, course_id, course_name, completion_date, completion_status) VALUES ('147', 'Lucas Clark', 'C002', 'Effective Communication Skills', '2022-06-17', 'Completed');
INSERT INTO learning_management (employee_id, employee_name, course_id, course_name, completion_date, completion_status) VALUES ('148', 'Emily Hill', 'C006', 'Teamwork and Collaboration', '2022-06-05', 'Completed');
INSERT INTO learning_management (employee_id, employee_name, course_id, course_name, completion_date, completion_status) VALUES ('149', 'William Baker', 'C009', 'Problem-Solving Techniques', '2022-07-08', 'Completed');
INSERT INTO learning_management (employee_id, employee_name, course_id, course_name, completion_date, completion_status) VALUES ('150', 'Ava Gonzalez', 'C020', 'Strategic Talent Management', '2022-07-25', 'Completed');

--
--
INSERT INTO radford_compensation (employee_id, first_name, last_name, gender, date_of_birth, job_title, department, location, business_unit, division, base_salary, bonus, stock_grants) VALUES ('101', 'John', 'Doe', 'Male', '1985-02-15', 'Sales Manager', 'Sales', 'New York', 'Sales Division', 'Global Sales', '90000.00', '10000.00', '5000.00');
INSERT INTO radford_compensation (employee_id, first_name, last_name, gender, date_of_birth, job_title, department, location, business_unit, division, base_salary, bonus, stock_grants) VALUES ('102', 'Jane', 'Smith', 'Female', '1990-06-20', 'Software Engineer', 'Engineering', 'San Francisco', 'Technology Division', 'Global Technology', '80000.00', '5000.00', '3000.00');
INSERT INTO radford_compensation (employee_id, first_name, last_name, gender, date_of_birth, job_title, department, location, business_unit, division, base_salary, bonus, stock_grants) VALUES ('103', 'Michael', 'Johnson', 'Male', '1988-09-10', 'Marketing Specialist', 'Marketing', 'Chicago', 'Marketing Division', 'Global Marketing', '65000.00', '3000.00', '2000.00');
INSERT INTO radford_compensation (employee_id, first_name, last_name, gender, date_of_birth, job_title, department, location, business_unit, division, base_salary, bonus, stock_grants) VALUES ('104', 'Emily', 'Williams', 'Female', '1992-04-25', 'HR Manager', 'Human Resources', 'Los Angeles', 'HR Division', 'Global HR', '70000.00', '4000.00', '2500.00');
INSERT INTO radford_compensation (employee_id, first_name, last_name, gender, date_of_birth, job_title, department, location, business_unit, division, base_salary, bonus, stock_grants) VALUES ('105', 'David', 'Brown', 'Male', '1987-11-02', 'Operations Analyst', 'Operations', 'Dallas', 'Operations Division', 'Global Operations', '60000.00', '2000.00', '1500.00');
INSERT INTO radford_compensation (employee_id, first_name, last_name, gender, date_of_birth, job_title, department, location, business_unit, division, base_salary, bonus, stock_grants) VALUES ('106', 'Sarah', 'Taylor', 'Female', '1991-08-15', 'Financial Analyst', 'Finance', 'New York', 'Finance Division', 'Global Finance', '65000.00', '3000.00', '2000.00');
INSERT INTO radford_compensation (employee_id, first_name, last_name, gender, date_of_birth, job_title, department, location, business_unit, division, base_salary, bonus, stock_grants) VALUES ('107', 'Christopher', 'Anderson', 'Male', '1993-03-20', 'IT Specialist', 'IT', 'San Francisco', 'Technology Division', 'Global Technology', '55000.00', '1500.00', '1000.00');
INSERT INTO radford_compensation (employee_id, first_name, last_name, gender, date_of_birth, job_title, department, location, business_unit, division, base_salary, bonus, stock_grants) VALUES ('108', 'Amanda', 'Thomas', 'Female', '1989-07-10', 'Product Manager', 'Product Management', 'Chicago', 'Product Division', 'Global Product', '75000.00', '4000.00', '3000.00');
INSERT INTO radford_compensation (employee_id, first_name, last_name, gender, date_of_birth, job_title, department, location, business_unit, division, base_salary, bonus, stock_grants) VALUES ('109', 'Matthew', 'Hernandez', 'Male', '1990-05-08', 'Sales Representative', 'Sales', 'Los Angeles', 'Sales Division', 'Global Sales', '50000.00', '1000.00', '500.00');
INSERT INTO radford_compensation (employee_id, first_name, last_name, gender, date_of_birth, job_title, department, location, business_unit, division, base_salary, bonus, stock_grants) VALUES ('110', 'Olivia', 'Clark', 'Female', '1994-01-25', 'Software Developer', 'Engineering', 'New York', 'Technology Division', 'Global Technology', '70000.00', '3000.00', '2000.00');
INSERT INTO radford_compensation (employee_id, first_name, last_name, gender, date_of_birth, job_title, department, location, business_unit, division, base_salary, bonus, stock_grants) VALUES ('111', 'Andrew', 'Lopez', 'Male', '1988-09-05', 'Marketing Manager', 'Marketing', 'Chicago', 'Marketing Division', 'Global Marketing', '75000.00', '4000.00', '2500.00');
INSERT INTO radford_compensation (employee_id, first_name, last_name, gender, date_of_birth, job_title, department, location, business_unit, division, base_salary, bonus, stock_grants) VALUES ('112', 'Isabella', 'Gonzalez', 'Female', '1991-06-10', 'HR Coordinator', 'Human Resources', 'Dallas', 'HR Division', 'Global HR', '55000.00', '2000.00', '1500.00');
INSERT INTO radford_compensation (employee_id, first_name, last_name, gender, date_of_birth, job_title, department, location, business_unit, division, base_salary, bonus, stock_grants) VALUES ('113', 'William', 'Rodriguez', 'Male', '1993-02-23', 'Operations Manager', 'Operations', 'Los Angeles', 'Operations Division', 'Global Operations', '65000.00', '3000.00', '2000.00');
INSERT INTO radford_compensation (employee_id, first_name, last_name, gender, date_of_birth, job_title, department, location, business_unit, division, base_salary, bonus, stock_grants) VALUES ('114', 'Sophia', 'Wilson', 'Female', '1990-07-08', 'Financial Controller', 'Finance', 'New York', 'Finance Division', 'Global Finance', '75000.00', '4000.00', '3000.00');
INSERT INTO radford_compensation (employee_id, first_name, last_name, gender, date_of_birth, job_title, department, location, business_unit, division, base_salary, bonus, stock_grants) VALUES ('115', 'Daniel', 'Harris', 'Male', '1992-10-20', 'IT Manager', 'IT', 'San Francisco', 'Technology Division', 'Global Technology', '70000.00', '3000.00', '2000.00');
INSERT INTO radford_compensation (employee_id, first_name, last_name, gender, date_of_birth, job_title, department, location, business_unit, division, base_salary, bonus, stock_grants) VALUES ('116', 'Charlotte', 'Anderson', 'Female', '1991-03-15', 'Product Analyst', 'Product Management', 'Chicago', 'Product Division', 'Global Product', '60000.00', '2000.00', '1500.00');
INSERT INTO radford_compensation (employee_id, first_name, last_name, gender, date_of_birth, job_title, department, location, business_unit, division, base_salary, bonus, stock_grants) VALUES ('117', 'Alexander', 'Thomas', 'Male', '1993-06-25', 'Sales Associate', 'Sales', 'Los Angeles', 'Sales Division', 'Global Sales', '45000.00', '1000.00', '500.00');
INSERT INTO radford_compensation (employee_id, first_name, last_name, gender, date_of_birth, job_title, department, location, business_unit, division, base_salary, bonus, stock_grants) VALUES ('118', 'Sophie', 'Hernandez', 'Female', '1989-09-09', 'Software Tester', 'Engineering', 'New York', 'Technology Division', 'Global Technology', '65000.00', '2500.00', '1500.00');
INSERT INTO radford_compensation (employee_id, first_name, last_name, gender, date_of_birth, job_title, department, location, business_unit, division, base_salary, bonus, stock_grants) VALUES ('119', 'Benjamin', 'Martinez', 'Male', '1990-04-23', 'Marketing Analyst', 'Marketing', 'Chicago', 'Marketing Division', 'Global Marketing', '60000.00', '2000.00', '1000.00');
INSERT INTO radford_compensation (employee_id, first_name, last_name, gender, date_of_birth, job_title, department, location, business_unit, division, base_salary, bonus, stock_grants) VALUES ('120', 'Mia', 'Gonzalez', 'Female', '1994-03-10', 'HR Assistant', 'Human Resources', 'Dallas', 'HR Division', 'Global HR', '50000.00', '1500.00', '1000.00');
INSERT INTO radford_compensation (employee_id, first_name, last_name, gender, date_of_birth, job_title, department, location, business_unit, division, base_salary, bonus, stock_grants) VALUES ('121', 'Aiden', 'Rodriguez', 'Male', '1987-08-05', 'Operations Supervisor', 'Operations', 'Los Angeles', 'Operations Division', 'Global Operations', '55000.00', '2000.00', '1500.00');
INSERT INTO radford_compensation (employee_id, first_name, last_name, gender, date_of_birth, job_title, department, location, business_unit, division, base_salary, bonus, stock_grants) VALUES ('122', 'Grace', 'Young', 'Female', '1992-05-30', 'Financial Advisor', 'Finance', 'New York', 'Finance Division', 'Global Finance', '65000.00', '3000.00', '2000.00');
INSERT INTO radford_compensation (employee_id, first_name, last_name, gender, date_of_birth, job_title, department, location, business_unit, division, base_salary, bonus, stock_grants) VALUES ('123', 'James', 'Harris', 'Male', '1993-02-12', 'IT Technician', 'IT', 'San Francisco', 'Technology Division', 'Global Technology', '50000.00', '1500.00', '1000.00');
INSERT INTO radford_compensation (employee_id, first_name, last_name, gender, date_of_birth, job_title, department, location, business_unit, division, base_salary, bonus, stock_grants) VALUES ('124', 'Samantha', 'Martinez', 'Female', '1991-07-08', 'Product Coordinator', 'Product Management', 'Chicago', 'Product Division', 'Global Product', '60000.00', '2000.00', '1500.00');
INSERT INTO radford_compensation (employee_id, first_name, last_name, gender, date_of_birth, job_title, department, location, business_unit, division, base_salary, bonus, stock_grants) VALUES ('125', 'Liam', 'Clark', 'Male', '1994-04-10', 'Sales Manager', 'Sales', 'Los Angeles', 'Sales Division', 'Global Sales', '80000.00', '5000.00', '3000.00');
INSERT INTO radford_compensation (employee_id, first_name, last_name, gender, date_of_birth, job_title, department, location, business_unit, division, base_salary, bonus, stock_grants) VALUES ('126', 'Abigail', 'Rodriguez', 'Female', '1990-09-20', 'Software Engineer', 'Engineering', 'New York', 'Technology Division', 'Global Technology', '70000.00', '3000.00', '2000.00');
INSERT INTO radford_compensation (employee_id, first_name, last_name, gender, date_of_birth, job_title, department, location, business_unit, division, base_salary, bonus, stock_grants) VALUES ('127', 'Josephine', 'Johnson', 'Female', '1988-12-02', 'Marketing Specialist', 'Marketing', 'Chicago', 'Marketing Division', 'Global Marketing', '65000.00', '2500.00', '1500.00');
INSERT INTO radford_compensation (employee_id, first_name, last_name, gender, date_of_birth, job_title, department, location, business_unit, division, base_salary, bonus, stock_grants) VALUES ('128', 'Christopher', 'Thomas', 'Male', '1992-07-15', 'HR Manager', 'Human Resources', 'Dallas', 'HR Division', 'Global HR', '70000.00', '4000.00', '2500.00');
INSERT INTO radford_compensation (employee_id, first_name, last_name, gender, date_of_birth, job_title, department, location, business_unit, division, base_salary, bonus, stock_grants) VALUES ('129', 'Evelyn', 'Brown', 'Female', '1987-10-30', 'Operations Analyst', 'Operations', 'Los Angeles', 'Operations Division', 'Global Operations', '60000.00', '2000.00', '1500.00');
INSERT INTO radford_compensation (employee_id, first_name, last_name, gender, date_of_birth, job_title, department, location, business_unit, division, base_salary, bonus, stock_grants) VALUES ('130', 'Lucas', 'Hernandez', 'Male', '1991-05-12', 'Financial Analyst', 'Finance', 'New York', 'Finance Division', 'Global Finance', '65000.00', '3000.00', '2000.00');
INSERT INTO radford_compensation (employee_id, first_name, last_name, gender, date_of_birth, job_title, department, location, business_unit, division, base_salary, bonus, stock_grants) VALUES ('131', 'Scarlett', 'Anderson', 'Female', '1993-03-28', 'IT Specialist', 'IT', 'San Francisco', 'Technology Division', 'Global Technology', '55000.00', '1500.00', '1000.00');
INSERT INTO radford_compensation (employee_id, first_name, last_name, gender, date_of_birth, job_title, department, location, business_unit, division, base_salary, bonus, stock_grants) VALUES ('132', 'Ava', 'Thomas', 'Female', '1989-08-10', 'Product Manager', 'Product Management', 'Chicago', 'Product Division', 'Global Product', '75000.00', '4000.00', '3000.00');
INSERT INTO radford_compensation (employee_id, first_name, last_name, gender, date_of_birth, job_title, department, location, business_unit, division, base_salary, bonus, stock_grants) VALUES ('133', 'Mason', 'Rodriguez', 'Male', '1990-06-28', 'Sales Representative', 'Sales', 'Los Angeles', 'Sales Division', 'Global Sales', '50000.00', '1000.00', '500.00');
INSERT INTO radford_compensation (employee_id, first_name, last_name, gender, date_of_birth, job_title, department, location, business_unit, division, base_salary, bonus, stock_grants) VALUES ('134', 'Chloe', 'Clark', 'Female', '1994-02-15', 'Software Developer', 'Engineering', 'New York', 'Technology Division', 'Global Technology', '70000.00', '3000.00', '2000.00');
INSERT INTO radford_compensation (employee_id, first_name, last_name, gender, date_of_birth, job_title, department, location, business_unit, division, base_salary, bonus, stock_grants) VALUES ('135', 'Christopher', 'Lopez', 'Male', '1988-07-20', 'Marketing Manager', 'Marketing', 'Chicago', 'Marketing Division', 'Global Marketing', '75000.00', '4000.00', '2500.00');
INSERT INTO radford_compensation (employee_id, first_name, last_name, gender, date_of_birth, job_title, department, location, business_unit, division, base_salary, bonus, stock_grants) VALUES ('136', 'Emily', 'Gonzalez', 'Female', '1991-05-25', 'HR Coordinator', 'Human Resources', 'Dallas', 'HR Division', 'Global HR', '55000.00', '2000.00', '1500.00');
INSERT INTO radford_compensation (employee_id, first_name, last_name, gender, date_of_birth, job_title, department, location, business_unit, division, base_salary, bonus, stock_grants) VALUES ('137', 'Isabella', 'Rodriguez', 'Female', '1993-08-10', 'Operations Manager', 'Operations', 'Los Angeles', 'Operations Division', 'Global Operations', '65000.00', '3000.00', '2000.00');
INSERT INTO radford_compensation (employee_id, first_name, last_name, gender, date_of_birth, job_title, department, location, business_unit, division, base_salary, bonus, stock_grants) VALUES ('138', 'Liam', 'Wilson', 'Male', '1990-11-02', 'Financial Controller', 'Finance', 'New York', 'Finance Division', 'Global Finance', '75000.00', '4000.00', '3000.00');
INSERT INTO radford_compensation (employee_id, first_name, last_name, gender, date_of_birth, job_title, department, location, business_unit, division, base_salary, bonus, stock_grants) VALUES ('139', 'Amelia', 'Harris', 'Female', '1992-12-25', 'IT Manager', 'IT', 'San Francisco', 'Technology Division', 'Global Technology', '70000.00', '3000.00', '2000.00');
INSERT INTO radford_compensation (employee_id, first_name, last_name, gender, date_of_birth, job_title, department, location, business_unit, division, base_salary, bonus, stock_grants) VALUES ('140', 'Elijah', 'Anderson', 'Male', '1991-05-15', 'Product Analyst', 'Product Management', 'Chicago', 'Product Division', 'Global Product', '60000.00', '2000.00', '1500.00');
INSERT INTO radford_compensation (employee_id, first_name, last_name, gender, date_of_birth, job_title, department, location, business_unit, division, base_salary, bonus, stock_grants) VALUES ('141', 'Avery', 'Thomas', 'Female', '1993-09-28', 'Sales Associate', 'Sales', 'Los Angeles', 'Sales Division', 'Global Sales', '45000.00', '1000.00', '500.00');
INSERT INTO radford_compensation (employee_id, first_name, last_name, gender, date_of_birth, job_title, department, location, business_unit, division, base_salary, bonus, stock_grants) VALUES ('142', 'Harper', 'Hernandez', 'Female', '1989-10-10', 'Software Tester', 'Engineering', 'New York', 'Technology Division', 'Global Technology', '65000.00', '2500.00', '1500.00');
INSERT INTO radford_compensation (employee_id, first_name, last_name, gender, date_of_birth, job_title, department, location, business_unit, division, base_salary, bonus, stock_grants) VALUES ('143', 'Ethan', 'Martinez', 'Male', '1990-07-23', 'Marketing Analyst', 'Marketing', 'Chicago', 'Marketing Division', 'Global Marketing', '60000.00', '2000.00', '1000.00');
INSERT INTO radford_compensation (employee_id, first_name, last_name, gender, date_of_birth, job_title, department, location, business_unit, division, base_salary, bonus, stock_grants) VALUES ('144', 'Aria', 'Young', 'Female', '1994-04-10', 'HR Assistant', 'Human Resources', 'Dallas', 'HR Division', 'Global HR', '50000.00', '1500.00', '1000.00');
INSERT INTO radford_compensation (employee_id, first_name, last_name, gender, date_of_birth, job_title, department, location, business_unit, division, base_salary, bonus, stock_grants) VALUES ('145', 'Owen', 'Rodriguez', 'Male', '1987-09-05', 'Operations Supervisor', 'Operations', 'Los Angeles', 'Operations Division', 'Global Operations', '55000.00', '2000.00', '1500.00');
INSERT INTO radford_compensation (employee_id, first_name, last_name, gender, date_of_birth, job_title, department, location, business_unit, division, base_salary, bonus, stock_grants) VALUES ('146', 'Scarlett', 'Johnson', 'Female', '1992-06-30', 'Financial Advisor', 'Finance', 'New York', 'Finance Division', 'Global Finance', '65000.00', '3000.00', '2000.00');
INSERT INTO radford_compensation (employee_id, first_name, last_name, gender, date_of_birth, job_title, department, location, business_unit, division, base_salary, bonus, stock_grants) VALUES ('147', 'Noah', 'Harris', 'Male', '1993-03-12', 'IT Technician', 'IT', 'San Francisco', 'Technology Division', 'Global Technology', '50000.00', '1500.00', '1000.00');
INSERT INTO radford_compensation (employee_id, first_name, last_name, gender, date_of_birth, job_title, department, location, business_unit, division, base_salary, bonus, stock_grants) VALUES ('148', 'Audrey', 'Martinez', 'Female', '1991-07-08', 'Product Coordinator', 'Product Management', 'Chicago', 'Product Division', 'Global Product', '60000.00', '2000.00', '1500.00');
INSERT INTO radford_compensation (employee_id, first_name, last_name, gender, date_of_birth, job_title, department, location, business_unit, division, base_salary, bonus, stock_grants) VALUES ('149', 'Lucas', 'Clark', 'Male', '1994-03-10', 'Sales Manager', 'Sales', 'Los Angeles', 'Sales Division', 'Global Sales', '80000.00', '5000.00', '3000.00');
INSERT INTO radford_compensation (employee_id, first_name, last_name, gender, date_of_birth, job_title, department, location, business_unit, division, base_salary, bonus, stock_grants) VALUES ('150', 'Evelyn', 'Rodriguez', 'Female', '1990-09-20', 'Software Engineer', 'Engineering', 'New York', 'Technology Division', 'Global Technology', '70000.00', '3000.00', '2000.00');
INSERT INTO radford_compensation (employee_id, first_name, last_name, gender, date_of_birth, job_title, department, location, business_unit, division, base_salary, bonus, stock_grants) VALUES ('151', 'Aiden', 'Johnson', 'Male', '1988-12-02', 'Marketing Specialist', 'Marketing', 'Chicago', 'Marketing Division', 'Global Marketing', '65000.00', '2500.00', '1500.00');
INSERT INTO radford_compensation (employee_id, first_name, last_name, gender, date_of_birth, job_title, department, location, business_unit, division, base_salary, bonus, stock_grants) VALUES ('152', 'Mila', 'Thomas', 'Female', '1992-07-15', 'HR Manager', 'Human Resources', 'Dallas', 'HR Division', 'Global HR', '70000.00', '4000.00', '2500.00');
INSERT INTO radford_compensation (employee_id, first_name, last_name, gender, date_of_birth, job_title, department, location, business_unit, division, base_salary, bonus, stock_grants) VALUES ('153', 'Logan', 'Brown', 'Male', '1987-10-30', 'Operations Analyst', 'Operations', 'Los Angeles', 'Operations Division', 'Global Operations', '60000.00', '2000.00', '1500.00');
INSERT INTO radford_compensation (employee_id, first_name, last_name, gender, date_of_birth, job_title, department, location, business_unit, division, base_salary, bonus, stock_grants) VALUES ('154', 'Aria', 'Hernandez', 'Female', '1991-05-12', 'Financial Analyst', 'Finance', 'New York', 'Finance Division', 'Global Finance', '65000.00', '3000.00', '2000.00');
INSERT INTO radford_compensation (employee_id, first_name, last_name, gender, date_of_birth, job_title, department, location, business_unit, division, base_salary, bonus, stock_grants) VALUES ('155', 'Elijah', 'Wilson', 'Male', '1993-08-28', 'IT Specialist', 'IT', 'San Francisco', 'Technology Division', 'Global Technology', '55000.00', '1500.00', '1000.00');
INSERT INTO radford_compensation (employee_id, first_name, last_name, gender, date_of_birth, job_title, department, location, business_unit, division, base_salary, bonus, stock_grants) VALUES ('156', 'Hannah', 'Thomas', 'Female', '1989-09-10', 'Product Manager', 'Product Management', 'Chicago', 'Product Division', 'Global Product', '75000.00', '4000.00', '3000.00');
INSERT INTO radford_compensation (employee_id, first_name, last_name, gender, date_of_birth, job_title, department, location, business_unit, division, base_salary, bonus, stock_grants) VALUES ('157', 'Lucas', 'Rodriguez', 'Male', '1990-06-28', 'Sales Representative', 'Sales', 'Los Angeles', 'Sales Division', 'Global Sales', '50000.00', '1000.00', '500.00');
INSERT INTO radford_compensation (employee_id, first_name, last_name, gender, date_of_birth, job_title, department, location, business_unit, division, base_salary, bonus, stock_grants) VALUES ('158', 'Ava', 'Clark', 'Female', '1994-02-15', 'Software Developer', 'Engineering', 'New York', 'Technology Division', 'Global Technology', '70000.00', '3000.00', '2000.00');
INSERT INTO radford_compensation (employee_id, first_name, last_name, gender, date_of_birth, job_title, department, location, business_unit, division, base_salary, bonus, stock_grants) VALUES ('159', 'Mason', 'Lopez', 'Male', '1988-07-20', 'Marketing Manager', 'Marketing', 'Chicago', 'Marketing Division', 'Global Marketing', '75000.00', '4000.00', '2500.00');
INSERT INTO radford_compensation (employee_id, first_name, last_name, gender, date_of_birth, job_title, department, location, business_unit, division, base_salary, bonus, stock_grants) VALUES ('160', 'Sophia', 'Gonzalez', 'Female', '1991-05-25', 'HR Coordinator', 'Human Resources', 'Dallas', 'HR Division', 'Global HR', '55000.00', '2000.00', '1500.00');
INSERT INTO radford_compensation (employee_id, first_name, last_name, gender, date_of_birth, job_title, department, location, business_unit, division, base_salary, bonus, stock_grants) VALUES ('161', 'Alexander', 'Rodriguez', 'Male', '1993-08-10', 'Operations Manager', 'Operations', 'Los Angeles', 'Operations Division', 'Global Operations', '65000.00', '3000.00', '2000.00');
INSERT INTO radford_compensation (employee_id, first_name, last_name, gender, date_of_birth, job_title, department, location, business_unit, division, base_salary, bonus, stock_grants) VALUES ('162', 'Harper', 'Wilson', 'Female', '1990-11-02', 'Financial Controller', 'Finance', 'New York', 'Finance Division', 'Global Finance', '75000.00', '4000.00', '3000.00');
INSERT INTO radford_compensation (employee_id, first_name, last_name, gender, date_of_birth, job_title, department, location, business_unit, division, base_salary, bonus, stock_grants) VALUES ('163', 'Liam', 'Harris', 'Male', '1992-12-25', 'IT Manager', 'IT', 'San Francisco', 'Technology Division', 'Global Technology', '70000.00', '3000.00', '2000.00');
INSERT INTO radford_compensation (employee_id, first_name, last_name, gender, date_of_birth, job_title, department, location, business_unit, division, base_salary, bonus, stock_grants) VALUES ('164', 'Avery', 'Anderson', 'Female', '1991-05-15', 'Product Analyst', 'Product Management', 'Chicago', 'Product Division', 'Global Product', '60000.00', '2000.00', '1500.00');
INSERT INTO radford_compensation (employee_id, first_name, last_name, gender, date_of_birth, job_title, department, location, business_unit, division, base_salary, bonus, stock_grants) VALUES ('165', 'Emma', 'Thomas', 'Female', '1993-09-28', 'Sales Associate', 'Sales', 'Los Angeles', 'Sales Division', 'Global Sales', '45000.00', '1000.00', '500.00');
INSERT INTO radford_compensation (employee_id, first_name, last_name, gender, date_of_birth, job_title, department, location, business_unit, division, base_salary, bonus, stock_grants) VALUES ('166', 'Aiden', 'Hernandez', 'Male', '1989-10-10', 'Software Tester', 'Engineering', 'New York', 'Technology Division', 'Global Technology', '65000.00', '2500.00', '1500.00');
INSERT INTO radford_compensation (employee_id, first_name, last_name, gender, date_of_birth, job_title, department, location, business_unit, division, base_salary, bonus, stock_grants) VALUES ('167', 'Aria', 'Martinez', 'Female', '1990-07-23', 'Marketing Analyst', 'Marketing', 'Chicago', 'Marketing Division', 'Global Marketing', '60000.00', '2000.00', '1000.00');
INSERT INTO radford_compensation (employee_id, first_name, last_name, gender, date_of_birth, job_title, department, location, business_unit, division, base_salary, bonus, stock_grants) VALUES ('168', 'Ethan', 'Young', 'Male', '1994-04-10', 'HR Assistant', 'Human Resources', 'Dallas', 'HR Division', 'Global HR', '50000.00', '1500.00', '1000.00');
INSERT INTO radford_compensation (employee_id, first_name, last_name, gender, date_of_birth, job_title, department, location, business_unit, division, base_salary, bonus, stock_grants) VALUES ('169', 'Ava', 'Rodriguez', 'Female', '1987-09-05', 'Operations Supervisor', 'Operations', 'Los Angeles', 'Operations Division', 'Global Operations', '55000.00', '2000.00', '1500.00');
INSERT INTO radford_compensation (employee_id, first_name, last_name, gender, date_of_birth, job_title, department, location, business_unit, division, base_salary, bonus, stock_grants) VALUES ('170', 'Liam', 'Johnson', 'Male', '1992-06-30', 'Financial Advisor', 'Finance', 'New York', 'Finance Division', 'Global Finance', '65000.00', '3000.00', '2000.00');
INSERT INTO radford_compensation (employee_id, first_name, last_name, gender, date_of_birth, job_title, department, location, business_unit, division, base_salary, bonus, stock_grants) VALUES ('171', 'Charlotte', 'Harris', 'Female', '1993-03-12', 'IT Technician', 'IT', 'San Francisco', 'Technology Division', 'Global Technology', '50000.00', '1500.00', '1000.00');
INSERT INTO radford_compensation (employee_id, first_name, last_name, gender, date_of_birth, job_title, department, location, business_unit, division, base_salary, bonus, stock_grants) VALUES ('172', 'Oliver', 'Martinez', 'Male', '1991-07-08', 'Product Coordinator', 'Product Management', 'Chicago', 'Product Division', 'Global Product', '60000.00', '2000.00', '1500.00');
INSERT INTO radford_compensation (employee_id, first_name, last_name, gender, date_of_birth, job_title, department, location, business_unit, division, base_salary, bonus, stock_grants) VALUES ('173', 'Ava', 'Clark', 'Female', '1994-03-10', 'Sales Manager', 'Sales', 'Los Angeles', 'Sales Division', 'Global Sales', '80000.00', '5000.00', '3000.00');
INSERT INTO radford_compensation (employee_id, first_name, last_name, gender, date_of_birth, job_title, department, location, business_unit, division, base_salary, bonus, stock_grants) VALUES ('174', 'Lucas', 'Rodriguez', 'Male', '1990-09-20', 'Software Engineer', 'Engineering', 'New York', 'Technology Division', 'Global Technology', '70000.00', '3000.00', '2000.00');
INSERT INTO radford_compensation (employee_id, first_name, last_name, gender, date_of_birth, job_title, department, location, business_unit, division, base_salary, bonus, stock_grants) VALUES ('175', 'Sophia', 'Johnson', 'Female', '1988-12-02', 'Marketing Specialist', 'Marketing', 'Chicago', 'Marketing Division', 'Global Marketing', '65000.00', '2500.00', '1500.00');
INSERT INTO radford_compensation (employee_id, first_name, last_name, gender, date_of_birth, job_title, department, location, business_unit, division, base_salary, bonus, stock_grants) VALUES ('176', 'Mila', 'Thomas', 'Female', '1992-07-15', 'HR Manager', 'Human Resources', 'Dallas', 'HR Division', 'Global HR', '70000.00', '4000.00', '2500.00');
INSERT INTO radford_compensation (employee_id, first_name, last_name, gender, date_of_birth, job_title, department, location, business_unit, division, base_salary, bonus, stock_grants) VALUES ('177', 'Liam', 'Brown', 'Male', '1987-10-30', 'Operations Analyst', 'Operations', 'Los Angeles', 'Operations Division', 'Global Operations', '60000.00', '2000.00', '1500.00');
INSERT INTO radford_compensation (employee_id, first_name, last_name, gender, date_of_birth, job_title, department, location, business_unit, division, base_salary, bonus, stock_grants) VALUES ('178', 'Ella', 'Hernandez', 'Female', '1991-05-12', 'Financial Analyst', 'Finance', 'New York', 'Finance Division', 'Global Finance', '65000.00', '3000.00', '2000.00');
INSERT INTO radford_compensation (employee_id, first_name, last_name, gender, date_of_birth, job_title, department, location, business_unit, division, base_salary, bonus, stock_grants) VALUES ('179', 'William', 'Wilson', 'Male', '1993-08-28', 'IT Specialist', 'IT', 'San Francisco', 'Technology Division', 'Global Technology', '55000.00', '1500.00', '1000.00');
INSERT INTO radford_compensation (employee_id, first_name, last_name, gender, date_of_birth, job_title, department, location, business_unit, division, base_salary, bonus, stock_grants) VALUES ('180', 'Sophia', 'Thomas', 'Female', '1989-09-10', 'Product Manager', 'Product Management', 'Chicago', 'Product Division', 'Global Product', '75000.00', '4000.00', '3000.00');
INSERT INTO radford_compensation (employee_id, first_name, last_name, gender, date_of_birth, job_title, department, location, business_unit, division, base_salary, bonus, stock_grants) VALUES ('181', 'Lucas', 'Rodriguez', 'Male', '1990-06-28', 'Sales Representative', 'Sales', 'Los Angeles', 'Sales Division', 'Global Sales', '50000.00', '1000.00', '500.00');
INSERT INTO radford_compensation (employee_id, first_name, last_name, gender, date_of_birth, job_title, department, location, business_unit, division, base_salary, bonus, stock_grants) VALUES ('182', 'Ava', 'Clark', 'Female', '1994-02-15', 'Software Developer', 'Engineering', 'New York', 'Technology Division', 'Global Technology', '70000.00', '3000.00', '2000.00');
INSERT INTO radford_compensation (employee_id, first_name, last_name, gender, date_of_birth, job_title, department, location, business_unit, division, base_salary, bonus, stock_grants) VALUES ('183', 'Mason', 'Lopez', 'Male', '1988-07-20', 'Marketing Manager', 'Marketing', 'Chicago', 'Marketing Division', 'Global Marketing', '75000.00', '4000.00', '2500.00');
INSERT INTO radford_compensation (employee_id, first_name, last_name, gender, date_of_birth, job_title, department, location, business_unit, division, base_salary, bonus, stock_grants) VALUES ('184', 'Sophia', 'Gonzalez', 'Female', '1991-05-25', 'HR Coordinator', 'Human Resources', 'Dallas', 'HR Division', 'Global HR', '55000.00', '2000.00', '1500.00');
INSERT INTO radford_compensation (employee_id, first_name, last_name, gender, date_of_birth, job_title, department, location, business_unit, division, base_salary, bonus, stock_grants) VALUES ('185', 'Alexander', 'Rodriguez', 'Male', '1993-08-10', 'Operations Manager', 'Operations', 'Los Angeles', 'Operations Division', 'Global Operations', '65000.00', '3000.00', '2000.00');
INSERT INTO radford_compensation (employee_id, first_name, last_name, gender, date_of_birth, job_title, department, location, business_unit, division, base_salary, bonus, stock_grants) VALUES ('186', 'Harper', 'Wilson', 'Female', '1990-11-02', 'Financial Controller', 'Finance', 'New York', 'Finance Division', 'Global Finance', '75000.00', '4000.00', '3000.00');
INSERT INTO radford_compensation (employee_id, first_name, last_name, gender, date_of_birth, job_title, department, location, business_unit, division, base_salary, bonus, stock_grants) VALUES ('187', 'Liam', 'Harris', 'Male', '1992-12-25', 'IT Manager', 'IT', 'San Francisco', 'Technology Division', 'Global Technology', '70000.00', '3000.00', '2000.00');
INSERT INTO radford_compensation (employee_id, first_name, last_name, gender, date_of_birth, job_title, department, location, business_unit, division, base_salary, bonus, stock_grants) VALUES ('188', 'Avery', 'Anderson', 'Female', '1991-05-15', 'Product Analyst', 'Product Management', 'Chicago', 'Product Division', 'Global Product', '60000.00', '2000.00', '1500.00');
INSERT INTO radford_compensation (employee_id, first_name, last_name, gender, date_of_birth, job_title, department, location, business_unit, division, base_salary, bonus, stock_grants) VALUES ('189', 'Emma', 'Thomas', 'Female', '1993-09-28', 'Sales Associate', 'Sales', 'Los Angeles', 'Sales Division', 'Global Sales', '45000.00', '1000.00', '500.00');
INSERT INTO radford_compensation (employee_id, first_name, last_name, gender, date_of_birth, job_title, department, location, business_unit, division, base_salary, bonus, stock_grants) VALUES ('190', 'Aiden', 'Hernandez', 'Male', '1989-10-10', 'Software Tester', 'Engineering', 'New York', 'Technology Division', 'Global Technology', '65000.00', '2500.00', '1500.00');
INSERT INTO radford_compensation (employee_id, first_name, last_name, gender, date_of_birth, job_title, department, location, business_unit, division, base_salary, bonus, stock_grants) VALUES ('191', 'Aria', 'Martinez', 'Female', '1990-07-23', 'Marketing Analyst', 'Marketing', 'Chicago', 'Marketing Division', 'Global Marketing', '60000.00', '2000.00', '1000.00');
INSERT INTO radford_compensation (employee_id, first_name, last_name, gender, date_of_birth, job_title, department, location, business_unit, division, base_salary, bonus, stock_grants) VALUES ('192', 'Ethan', 'Young', 'Male', '1994-04-10', 'HR Assistant', 'Human Resources', 'Dallas', 'HR Division', 'Global HR', '50000.00', '1500.00', '1000.00');
INSERT INTO radford_compensation (employee_id, first_name, last_name, gender, date_of_birth, job_title, department, location, business_unit, division, base_salary, bonus, stock_grants) VALUES ('193', 'Ava', 'Rodriguez', 'Female', '1987-09-05', 'Operations Supervisor', 'Operations', 'Los Angeles', 'Operations Division', 'Global Operations', '55000.00', '2000.00', '1500.00');
INSERT INTO radford_compensation (employee_id, first_name, last_name, gender, date_of_birth, job_title, department, location, business_unit, division, base_salary, bonus, stock_grants) VALUES ('194', 'Liam', 'Johnson', 'Male', '1992-06-30', 'Financial Advisor', 'Finance', 'New York', 'Finance Division', 'Global Finance', '65000.00', '3000.00', '2000.00');
INSERT INTO radford_compensation (employee_id, first_name, last_name, gender, date_of_birth, job_title, department, location, business_unit, division, base_salary, bonus, stock_grants) VALUES ('195', 'Charlotte', 'Harris', 'Female', '1993-03-12', 'IT Technician', 'IT', 'San Francisco', 'Technology Division', 'Global Technology', '50000.00', '1500.00', '1000.00');
INSERT INTO radford_compensation (employee_id, first_name, last_name, gender, date_of_birth, job_title, department, location, business_unit, division, base_salary, bonus, stock_grants) VALUES ('196', 'Oliver', 'Martinez', 'Male', '1991-07-08', 'Product Coordinator', 'Product Management', 'Chicago', 'Product Division', 'Global Product', '60000.00', '2000.00', '1500.00');
INSERT INTO radford_compensation (employee_id, first_name, last_name, gender, date_of_birth, job_title, department, location, business_unit, division, base_salary, bonus, stock_grants) VALUES ('197', 'Ava', 'Clark', 'Female', '1994-03-10', 'Sales Manager', 'Sales', 'Los Angeles', 'Sales Division', 'Global Sales', '80000.00', '5000.00', '3000.00');
INSERT INTO radford_compensation (employee_id, first_name, last_name, gender, date_of_birth, job_title, department, location, business_unit, division, base_salary, bonus, stock_grants) VALUES ('198', 'Lucas', 'Rodriguez', 'Male', '1990-09-20', 'Software Engineer', 'Engineering', 'New York', 'Technology Division', 'Global Technology', '70000.00', '3000.00', '2000.00');
INSERT INTO radford_compensation (employee_id, first_name, last_name, gender, date_of_birth, job_title, department, location, business_unit, division, base_salary, bonus, stock_grants) VALUES ('199', 'Sophia', 'Johnson', 'Female', '1988-12-02', 'Marketing Specialist', 'Marketing', 'Chicago', 'Marketing Division', 'Global Marketing', '65000.00', '2500.00', '1500.00');
INSERT INTO radford_compensation (employee_id, first_name, last_name, gender, date_of_birth, job_title, department, location, business_unit, division, base_salary, bonus, stock_grants) VALUES ('200', 'Mila', 'Thomas', 'Female', '1992-07-15', 'HR Manager', 'Human Resources', 'Dallas', 'HR Division', 'Global HR', '70000.00', '4000.00', '2500.00');
INSERT INTO radford_compensation (employee_id, first_name, last_name, gender, date_of_birth, job_title, department, location, business_unit, division, base_salary, bonus, stock_grants) VALUES ('201', 'Liam', 'Brown', 'Male', '1987-10-30', 'Operations Analyst', 'Operations', 'Los Angeles', 'Operations Division', 'Global Operations', '60000.00', '2000.00', '1500.00');

--
--
INSERT INTO talent_development (employee_id, first_name, last_name, gender, date_of_birth, job_title, department, city, hire_date, termination_date, years_of_service, training_hours) VALUES ('102', NULL, NULL, NULL, NULL, NULL, 'Marketing', NULL, NULL, NULL, NULL, '22');
INSERT INTO talent_development (employee_id, first_name, last_name, gender, date_of_birth, job_title, department, city, hire_date, termination_date, years_of_service, training_hours) VALUES ('103', NULL, NULL, NULL, NULL, NULL, 'Sales', NULL, NULL, NULL, NULL, '55');
INSERT INTO talent_development (employee_id, first_name, last_name, gender, date_of_birth, job_title, department, city, hire_date, termination_date, years_of_service, training_hours) VALUES ('104', NULL, NULL, NULL, NULL, NULL, 'Technology', NULL, NULL, NULL, NULL, '77');
INSERT INTO talent_development (employee_id, first_name, last_name, gender, date_of_birth, job_title, department, city, hire_date, termination_date, years_of_service, training_hours) VALUES ('105', NULL, NULL, NULL, NULL, NULL, 'Human Resources', NULL, NULL, NULL, NULL, '20');
INSERT INTO talent_development (employee_id, first_name, last_name, gender, date_of_birth, job_title, department, city, hire_date, termination_date, years_of_service, training_hours) VALUES ('106', NULL, NULL, NULL, NULL, NULL, 'Operations', NULL, NULL, NULL, NULL, '44');
INSERT INTO talent_development (employee_id, first_name, last_name, gender, date_of_birth, job_title, department, city, hire_date, termination_date, years_of_service, training_hours) VALUES ('107', NULL, NULL, NULL, NULL, NULL, 'Customer Service', NULL, NULL, NULL, NULL, '75');
INSERT INTO talent_development (employee_id, first_name, last_name, gender, date_of_birth, job_title, department, city, hire_date, termination_date, years_of_service, training_hours) VALUES ('108', NULL, NULL, NULL, NULL, NULL, 'Product Management', NULL, NULL, NULL, NULL, '43');
INSERT INTO talent_development (employee_id, first_name, last_name, gender, date_of_birth, job_title, department, city, hire_date, termination_date, years_of_service, training_hours) VALUES ('109', NULL, NULL, NULL, NULL, NULL, 'IT', NULL, NULL, NULL, NULL, '24');
INSERT INTO talent_development (employee_id, first_name, last_name, gender, date_of_birth, job_title, department, city, hire_date, termination_date, years_of_service, training_hours) VALUES ('110', NULL, NULL, NULL, NULL, NULL, 'Administration', NULL, NULL, NULL, NULL, '47');
INSERT INTO talent_development (employee_id, first_name, last_name, gender, date_of_birth, job_title, department, city, hire_date, termination_date, years_of_service, training_hours) VALUES ('111', NULL, NULL, NULL, NULL, NULL, 'Finance', NULL, NULL, NULL, NULL, '44');
INSERT INTO talent_development (employee_id, first_name, last_name, gender, date_of_birth, job_title, department, city, hire_date, termination_date, years_of_service, training_hours) VALUES ('112', NULL, NULL, NULL, NULL, NULL, 'Marketing', NULL, NULL, NULL, NULL, '43');
INSERT INTO talent_development (employee_id, first_name, last_name, gender, date_of_birth, job_title, department, city, hire_date, termination_date, years_of_service, training_hours) VALUES ('113', NULL, NULL, NULL, NULL, NULL, 'Sales', NULL, NULL, NULL, NULL, '74');
INSERT INTO talent_development (employee_id, first_name, last_name, gender, date_of_birth, job_title, department, city, hire_date, termination_date, years_of_service, training_hours) VALUES ('114', NULL, NULL, NULL, NULL, NULL, 'Technology', NULL, NULL, NULL, NULL, '20');
INSERT INTO talent_development (employee_id, first_name, last_name, gender, date_of_birth, job_title, department, city, hire_date, termination_date, years_of_service, training_hours) VALUES ('115', NULL, NULL, NULL, NULL, NULL, 'Human Resources', NULL, NULL, NULL, NULL, '34');
INSERT INTO talent_development (employee_id, first_name, last_name, gender, date_of_birth, job_title, department, city, hire_date, termination_date, years_of_service, training_hours) VALUES ('116', NULL, NULL, NULL, NULL, NULL, 'Operations', NULL, NULL, NULL, NULL, '37');
INSERT INTO talent_development (employee_id, first_name, last_name, gender, date_of_birth, job_title, department, city, hire_date, termination_date, years_of_service, training_hours) VALUES ('118', NULL, NULL, NULL, NULL, NULL, 'Product Management', NULL, NULL, NULL, NULL, '40');
INSERT INTO talent_development (employee_id, first_name, last_name, gender, date_of_birth, job_title, department, city, hire_date, termination_date, years_of_service, training_hours) VALUES ('119', NULL, NULL, NULL, NULL, NULL, 'IT', NULL, NULL, NULL, NULL, '37');
INSERT INTO talent_development (employee_id, first_name, last_name, gender, date_of_birth, job_title, department, city, hire_date, termination_date, years_of_service, training_hours) VALUES ('120', NULL, NULL, NULL, NULL, NULL, 'Administration', NULL, NULL, NULL, NULL, '72');
INSERT INTO talent_development (employee_id, first_name, last_name, gender, date_of_birth, job_title, department, city, hire_date, termination_date, years_of_service, training_hours) VALUES ('121', NULL, NULL, NULL, NULL, NULL, 'Finance', NULL, NULL, NULL, NULL, '54');
INSERT INTO talent_development (employee_id, first_name, last_name, gender, date_of_birth, job_title, department, city, hire_date, termination_date, years_of_service, training_hours) VALUES ('122', NULL, NULL, NULL, NULL, NULL, 'Marketing', NULL, NULL, NULL, NULL, '71');
INSERT INTO talent_development (employee_id, first_name, last_name, gender, date_of_birth, job_title, department, city, hire_date, termination_date, years_of_service, training_hours) VALUES ('123', NULL, NULL, NULL, NULL, NULL, 'Sales', NULL, NULL, NULL, NULL, '50');
INSERT INTO talent_development (employee_id, first_name, last_name, gender, date_of_birth, job_title, department, city, hire_date, termination_date, years_of_service, training_hours) VALUES ('125', NULL, NULL, NULL, NULL, NULL, 'Human Resources', NULL, NULL, NULL, NULL, '31');
INSERT INTO talent_development (employee_id, first_name, last_name, gender, date_of_birth, job_title, department, city, hire_date, termination_date, years_of_service, training_hours) VALUES ('126', NULL, NULL, NULL, NULL, NULL, 'Operations', NULL, NULL, NULL, NULL, '58');
INSERT INTO talent_development (employee_id, first_name, last_name, gender, date_of_birth, job_title, department, city, hire_date, termination_date, years_of_service, training_hours) VALUES ('127', NULL, NULL, NULL, NULL, NULL, 'Customer Service', NULL, NULL, NULL, NULL, '69');
INSERT INTO talent_development (employee_id, first_name, last_name, gender, date_of_birth, job_title, department, city, hire_date, termination_date, years_of_service, training_hours) VALUES ('129', NULL, NULL, NULL, NULL, NULL, 'IT', NULL, NULL, NULL, NULL, '60');
INSERT INTO talent_development (employee_id, first_name, last_name, gender, date_of_birth, job_title, department, city, hire_date, termination_date, years_of_service, training_hours) VALUES ('128', NULL, NULL, NULL, NULL, NULL, 'Product Management', NULL, NULL, NULL, NULL, '60');
INSERT INTO talent_development (employee_id, first_name, last_name, gender, date_of_birth, job_title, department, city, hire_date, termination_date, years_of_service, training_hours) VALUES ('131', NULL, NULL, NULL, NULL, NULL, 'Finance', NULL, NULL, NULL, NULL, '73');
INSERT INTO talent_development (employee_id, first_name, last_name, gender, date_of_birth, job_title, department, city, hire_date, termination_date, years_of_service, training_hours) VALUES ('133', NULL, NULL, NULL, NULL, NULL, 'Sales', NULL, NULL, NULL, NULL, '38');
INSERT INTO talent_development (employee_id, first_name, last_name, gender, date_of_birth, job_title, department, city, hire_date, termination_date, years_of_service, training_hours) VALUES ('134', NULL, NULL, NULL, NULL, NULL, 'Technology', NULL, NULL, NULL, NULL, '67');
INSERT INTO talent_development (employee_id, first_name, last_name, gender, date_of_birth, job_title, department, city, hire_date, termination_date, years_of_service, training_hours) VALUES ('135', NULL, NULL, NULL, NULL, NULL, 'Human Resources', NULL, NULL, NULL, NULL, '55');
INSERT INTO talent_development (employee_id, first_name, last_name, gender, date_of_birth, job_title, department, city, hire_date, termination_date, years_of_service, training_hours) VALUES ('136', NULL, NULL, NULL, NULL, NULL, 'Operations', NULL, NULL, NULL, NULL, '59');
INSERT INTO talent_development (employee_id, first_name, last_name, gender, date_of_birth, job_title, department, city, hire_date, termination_date, years_of_service, training_hours) VALUES ('137', NULL, NULL, NULL, NULL, NULL, 'Customer Service', NULL, NULL, NULL, NULL, '40');
INSERT INTO talent_development (employee_id, first_name, last_name, gender, date_of_birth, job_title, department, city, hire_date, termination_date, years_of_service, training_hours) VALUES ('138', NULL, NULL, NULL, NULL, NULL, 'Product Management', NULL, NULL, NULL, NULL, '24');
INSERT INTO talent_development (employee_id, first_name, last_name, gender, date_of_birth, job_title, department, city, hire_date, termination_date, years_of_service, training_hours) VALUES ('139', NULL, NULL, NULL, NULL, NULL, 'IT', NULL, NULL, NULL, NULL, '32');
INSERT INTO talent_development (employee_id, first_name, last_name, gender, date_of_birth, job_title, department, city, hire_date, termination_date, years_of_service, training_hours) VALUES ('140', NULL, NULL, NULL, NULL, NULL, 'Administration', NULL, NULL, NULL, NULL, '43');
INSERT INTO talent_development (employee_id, first_name, last_name, gender, date_of_birth, job_title, department, city, hire_date, termination_date, years_of_service, training_hours) VALUES ('141', NULL, NULL, NULL, NULL, NULL, 'Finance', NULL, NULL, NULL, NULL, '41');
INSERT INTO talent_development (employee_id, first_name, last_name, gender, date_of_birth, job_title, department, city, hire_date, termination_date, years_of_service, training_hours) VALUES ('143', NULL, NULL, NULL, NULL, NULL, 'Sales', NULL, NULL, NULL, NULL, '66');
INSERT INTO talent_development (employee_id, first_name, last_name, gender, date_of_birth, job_title, department, city, hire_date, termination_date, years_of_service, training_hours) VALUES ('145', NULL, NULL, NULL, NULL, NULL, 'Human Resources', NULL, NULL, NULL, NULL, '78');
INSERT INTO talent_development (employee_id, first_name, last_name, gender, date_of_birth, job_title, department, city, hire_date, termination_date, years_of_service, training_hours) VALUES ('146', NULL, NULL, NULL, NULL, NULL, 'Operations', NULL, NULL, NULL, NULL, '35');
INSERT INTO talent_development (employee_id, first_name, last_name, gender, date_of_birth, job_title, department, city, hire_date, termination_date, years_of_service, training_hours) VALUES ('147', NULL, NULL, NULL, NULL, NULL, 'Customer Service', NULL, NULL, NULL, NULL, '49');
INSERT INTO talent_development (employee_id, first_name, last_name, gender, date_of_birth, job_title, department, city, hire_date, termination_date, years_of_service, training_hours) VALUES ('148', NULL, NULL, NULL, NULL, NULL, 'Product Management', NULL, NULL, NULL, NULL, '45');
INSERT INTO talent_development (employee_id, first_name, last_name, gender, date_of_birth, job_title, department, city, hire_date, termination_date, years_of_service, training_hours) VALUES ('149', NULL, NULL, NULL, NULL, NULL, 'IT', NULL, NULL, NULL, NULL, '22');
INSERT INTO talent_development (employee_id, first_name, last_name, gender, date_of_birth, job_title, department, city, hire_date, termination_date, years_of_service, training_hours) VALUES ('150', NULL, NULL, NULL, NULL, NULL, 'Administration', NULL, NULL, NULL, NULL, '52');

--
--
--
--
CREATE INDEX idx_absence_employee_id ON employee_absence (employee_id);
--
--
CREATE INDEX idx_demographics_employee_id ON demographics (employee_id);
--
--
CREATE INDEX idx_engagement_employee_id ON engagement_results (employee_id);
--
--
CREATE INDEX idx_learning_employee_id ON learning_management (employee_id);
--
--
CREATE INDEX idx_radford_employee_id ON radford_compensation (employee_id);
--
--
CREATE INDEX idx_talent_employee_id ON talent_development (employee_id);
--
--
--
--
--
--
--
--
--
--
--
--
--
-- PostgreSQL database dump complete
--
